ID,Nombre (Español),Músculo,Equipamiento,Fase Inicial Prompt,Fase Final Prompt
"press_banca_barra","Press de banca con barra","Pecho","barra","Anatomical 3D model illustration of a highly defined, muscular grey male human figure on a solid pure complete black background. The figure has short cropped hair and is wearing only a tight black athletic boxer shorts. The composition is fully centered, with a wide generous margin on all sides of the figure (top, bottom, left, right) to ensure the character is completely contained inside the frame without touching any edges. High-end, premium fitness application style render. No text, no lines, no labels, no logos. Frontal three-quarter perspective view, holding a barbell in the starting relaxed stretch phase of press de banca con barra. The chest (pectoralis major) muscles are highlighted in a soft, inactive red-orange color.","Anatomical 3D model illustration of a highly defined, muscular grey male human figure on a solid pure complete black background. The figure has short cropped hair and is wearing only a tight black athletic boxer shorts. The composition is fully centered, with a wide generous margin on all sides of the figure (top, bottom, left, right) to ensure the character is completely contained inside the frame without touching any edges. High-end, premium fitness application style render. No text, no lines, no labels, no logos. Frontal three-quarter perspective view, holding a barbell at the peak contraction finish phase of press de banca con barra, squeezing the muscles tightly. The chest (pectoralis major) muscles are highlighted in a bright glowing neon red-orange color showing maximum muscle contraction."
"press_banca_mancuernas","Press de banca con mancuernas","Pecho","mancuernas","Anatomical 3D model illustration of a highly defined, muscular grey male human figure on a solid pure complete black background. The figure has short cropped hair and is wearing only a tight black athletic boxer shorts. The composition is fully centered, with a wide generous margin on all sides of the figure (top, bottom, left, right) to ensure the character is completely contained inside the frame without touching any edges. High-end, premium fitness application style render. No text, no lines, no labels, no logos. Frontal three-quarter perspective view, holding dumbbells in the starting relaxed stretch phase of press de banca con mancuernas. The chest (pectoralis major) muscles are highlighted in a soft, inactive red-orange color.","Anatomical 3D model illustration of a highly defined, muscular grey male human figure on a solid pure complete black background. The figure has short cropped hair and is wearing only a tight black athletic boxer shorts. The composition is fully centered, with a wide generous margin on all sides of the figure (top, bottom, left, right) to ensure the character is completely contained inside the frame without touching any edges. High-end, premium fitness application style render. No text, no lines, no labels, no logos. Frontal three-quarter perspective view, holding dumbbells at the peak contraction finish phase of press de banca con mancuernas, squeezing the muscles tightly. The chest (pectoralis major) muscles are highlighted in a bright glowing neon red-orange color showing maximum muscle contraction."
"press_maquina","Press en máquina","Pecho","maquina","Anatomical 3D model illustration of a highly defined, muscular grey male human figure on a solid pure complete black background. The figure has short cropped hair and is wearing only a tight black athletic boxer shorts. The composition is fully centered, with a wide generous margin on all sides of the figure (top, bottom, left, right) to ensure the character is completely contained inside the frame without touching any edges. High-end, premium fitness application style render. No text, no lines, no labels, no logos. Frontal three-quarter perspective view, seated or positioned in a exercise machine, in the starting relaxed stretch phase of press en máquina. The chest (pectoralis major) muscles are highlighted in a soft, inactive red-orange color.","Anatomical 3D model illustration of a highly defined, muscular grey male human figure on a solid pure complete black background. The figure has short cropped hair and is wearing only a tight black athletic boxer shorts. The composition is fully centered, with a wide generous margin on all sides of the figure (top, bottom, left, right) to ensure the character is completely contained inside the frame without touching any edges. High-end, premium fitness application style render. No text, no lines, no labels, no logos. Frontal three-quarter perspective view, positioned in a exercise machine at the peak contraction finish phase of press en máquina, squeezing the target muscles. The chest (pectoralis major) muscles are highlighted in a bright glowing neon red-orange color showing maximum muscle contraction."
"flexiones_tradicionales","Flexiones tradicionales","Pecho","peso_corporal","Anatomical 3D model illustration of a highly defined, muscular grey male human figure on a solid pure complete black background. The figure has short cropped hair and is wearing only a tight black athletic boxer shorts. The composition is fully centered, with a wide generous margin on all sides of the figure (top, bottom, left, right) to ensure the character is completely contained inside the frame without touching any edges. High-end, premium fitness application style render. No text, no lines, no labels, no logos. Frontal three-quarter perspective view, in the starting relaxed stretch phase of flexiones tradicionales. The chest (pectoralis major) muscles are highlighted in a soft, inactive red-orange color.","Anatomical 3D model illustration of a highly defined, muscular grey male human figure on a solid pure complete black background. The figure has short cropped hair and is wearing only a tight black athletic boxer shorts. The composition is fully centered, with a wide generous margin on all sides of the figure (top, bottom, left, right) to ensure the character is completely contained inside the frame without touching any edges. High-end, premium fitness application style render. No text, no lines, no labels, no logos. Frontal three-quarter perspective view, at the peak contraction finish phase of flexiones tradicionales, squeezing the target muscles. The chest (pectoralis major) muscles are highlighted in a bright glowing neon red-orange color showing maximum muscle contraction."
"aperturas_pec_deck","Aperturas en máquina pec deck","Pecho","maquina","Anatomical 3D model illustration of a highly defined, muscular grey male human figure on a solid pure complete black background. The figure has short cropped hair and is wearing only a tight black athletic boxer shorts. The composition is fully centered, with a wide generous margin on all sides of the figure (top, bottom, left, right) to ensure the character is completely contained inside the frame without touching any edges. High-end, premium fitness application style render. No text, no lines, no labels, no logos. Frontal three-quarter perspective view, seated or positioned in a exercise machine, in the starting relaxed stretch phase of aperturas en máquina pec deck. The chest (pectoralis major) muscles are highlighted in a soft, inactive red-orange color.","Anatomical 3D model illustration of a highly defined, muscular grey male human figure on a solid pure complete black background. The figure has short cropped hair and is wearing only a tight black athletic boxer shorts. The composition is fully centered, with a wide generous margin on all sides of the figure (top, bottom, left, right) to ensure the character is completely contained inside the frame without touching any edges. High-end, premium fitness application style render. No text, no lines, no labels, no logos. Frontal three-quarter perspective view, positioned in a exercise machine at the peak contraction finish phase of aperturas en máquina pec deck, squeezing the target muscles. The chest (pectoralis major) muscles are highlighted in a bright glowing neon red-orange color showing maximum muscle contraction."
"press_inclinado_barra","Press inclinado con barra","Pecho","barra","Anatomical 3D model illustration of a highly defined, muscular grey male human figure on a solid pure complete black background. The figure has short cropped hair and is wearing only a tight black athletic boxer shorts. The composition is fully centered, with a wide generous margin on all sides of the figure (top, bottom, left, right) to ensure the character is completely contained inside the frame without touching any edges. High-end, premium fitness application style render. No text, no lines, no labels, no logos. Frontal three-quarter perspective view, holding a barbell in the starting relaxed stretch phase of press inclinado con barra. The chest (pectoralis major) muscles are highlighted in a soft, inactive red-orange color.","Anatomical 3D model illustration of a highly defined, muscular grey male human figure on a solid pure complete black background. The figure has short cropped hair and is wearing only a tight black athletic boxer shorts. The composition is fully centered, with a wide generous margin on all sides of the figure (top, bottom, left, right) to ensure the character is completely contained inside the frame without touching any edges. High-end, premium fitness application style render. No text, no lines, no labels, no logos. Frontal three-quarter perspective view, holding a barbell at the peak contraction finish phase of press inclinado con barra, squeezing the muscles tightly. The chest (pectoralis major) muscles are highlighted in a bright glowing neon red-orange color showing maximum muscle contraction."
"press_inclinado_mancuernas","Press inclinado con mancuernas","Pecho","mancuernas","Anatomical 3D model illustration of a highly defined, muscular grey male human figure on a solid pure complete black background. The figure has short cropped hair and is wearing only a tight black athletic boxer shorts. The composition is fully centered, with a wide generous margin on all sides of the figure (top, bottom, left, right) to ensure the character is completely contained inside the frame without touching any edges. High-end, premium fitness application style render. No text, no lines, no labels, no logos. Frontal three-quarter perspective view, holding dumbbells in the starting relaxed stretch phase of press inclinado con mancuernas. The chest (pectoralis major) muscles are highlighted in a soft, inactive red-orange color.","Anatomical 3D model illustration of a highly defined, muscular grey male human figure on a solid pure complete black background. The figure has short cropped hair and is wearing only a tight black athletic boxer shorts. The composition is fully centered, with a wide generous margin on all sides of the figure (top, bottom, left, right) to ensure the character is completely contained inside the frame without touching any edges. High-end, premium fitness application style render. No text, no lines, no labels, no logos. Frontal three-quarter perspective view, holding dumbbells at the peak contraction finish phase of press inclinado con mancuernas, squeezing the muscles tightly. The chest (pectoralis major) muscles are highlighted in a bright glowing neon red-orange color showing maximum muscle contraction."
"press_inclinado_maquina","Press inclinado en máquina","Pecho","maquina","Anatomical 3D model illustration of a highly defined, muscular grey male human figure on a solid pure complete black background. The figure has short cropped hair and is wearing only a tight black athletic boxer shorts. The composition is fully centered, with a wide generous margin on all sides of the figure (top, bottom, left, right) to ensure the character is completely contained inside the frame without touching any edges. High-end, premium fitness application style render. No text, no lines, no labels, no logos. Frontal three-quarter perspective view, seated or positioned in a exercise machine, in the starting relaxed stretch phase of press inclinado en máquina. The chest (pectoralis major) muscles are highlighted in a soft, inactive red-orange color.","Anatomical 3D model illustration of a highly defined, muscular grey male human figure on a solid pure complete black background. The figure has short cropped hair and is wearing only a tight black athletic boxer shorts. The composition is fully centered, with a wide generous margin on all sides of the figure (top, bottom, left, right) to ensure the character is completely contained inside the frame without touching any edges. High-end, premium fitness application style render. No text, no lines, no labels, no logos. Frontal three-quarter perspective view, positioned in a exercise machine at the peak contraction finish phase of press inclinado en máquina, squeezing the target muscles. The chest (pectoralis major) muscles are highlighted in a bright glowing neon red-orange color showing maximum muscle contraction."
"aperturas_inclinadas_mancuernas","Aperturas inclinadas con mancuernas","Pecho","mancuernas","Anatomical 3D model illustration of a highly defined, muscular grey male human figure on a solid pure complete black background. The figure has short cropped hair and is wearing only a tight black athletic boxer shorts. The composition is fully centered, with a wide generous margin on all sides of the figure (top, bottom, left, right) to ensure the character is completely contained inside the frame without touching any edges. High-end, premium fitness application style render. No text, no lines, no labels, no logos. Frontal three-quarter perspective view, holding dumbbells in the starting relaxed stretch phase of aperturas inclinadas con mancuernas. The chest (pectoralis major) muscles are highlighted in a soft, inactive red-orange color.","Anatomical 3D model illustration of a highly defined, muscular grey male human figure on a solid pure complete black background. The figure has short cropped hair and is wearing only a tight black athletic boxer shorts. The composition is fully centered, with a wide generous margin on all sides of the figure (top, bottom, left, right) to ensure the character is completely contained inside the frame without touching any edges. High-end, premium fitness application style render. No text, no lines, no labels, no logos. Frontal three-quarter perspective view, holding dumbbells at the peak contraction finish phase of aperturas inclinadas con mancuernas, squeezing the muscles tightly. The chest (pectoralis major) muscles are highlighted in a bright glowing neon red-orange color showing maximum muscle contraction."
"cruce_poleas_abajo_arriba","Cruce de poleas de abajo hacia arriba","Pecho","poleas","Anatomical 3D model illustration of a highly defined, muscular grey male human figure on a solid pure complete black background. The figure has short cropped hair and is wearing only a tight black athletic boxer shorts. The composition is fully centered, with a wide generous margin on all sides of the figure (top, bottom, left, right) to ensure the character is completely contained inside the frame without touching any edges. High-end, premium fitness application style render. No text, no lines, no labels, no logos. Frontal three-quarter perspective view, holding the cable pulley attachment in the starting relaxed stretch phase of cruce de poleas de abajo hacia arriba. The chest (pectoralis major) muscles are highlighted in a soft, inactive red-orange color.","Anatomical 3D model illustration of a highly defined, muscular grey male human figure on a solid pure complete black background. The figure has short cropped hair and is wearing only a tight black athletic boxer shorts. The composition is fully centered, with a wide generous margin on all sides of the figure (top, bottom, left, right) to ensure the character is completely contained inside the frame without touching any edges. High-end, premium fitness application style render. No text, no lines, no labels, no logos. Frontal three-quarter perspective view, holding the cable pulley attachment at the peak contraction finish phase of cruce de poleas de abajo hacia arriba, squeezing the muscles tightly. The chest (pectoralis major) muscles are highlighted in a bright glowing neon red-orange color showing maximum muscle contraction."
"fondos_paralelas_torso","Fondos en paralelas inclinando el torso","Pecho","peso_corporal","Anatomical 3D model illustration of a highly defined, muscular grey male human figure on a solid pure complete black background. The figure has short cropped hair and is wearing only a tight black athletic boxer shorts. The composition is fully centered, with a wide generous margin on all sides of the figure (top, bottom, left, right) to ensure the character is completely contained inside the frame without touching any edges. High-end, premium fitness application style render. No text, no lines, no labels, no logos. Frontal three-quarter perspective view, in the starting relaxed stretch phase of fondos en paralelas inclinando el torso. The chest (pectoralis major) muscles are highlighted in a soft, inactive red-orange color.","Anatomical 3D model illustration of a highly defined, muscular grey male human figure on a solid pure complete black background. The figure has short cropped hair and is wearing only a tight black athletic boxer shorts. The composition is fully centered, with a wide generous margin on all sides of the figure (top, bottom, left, right) to ensure the character is completely contained inside the frame without touching any edges. High-end, premium fitness application style render. No text, no lines, no labels, no logos. Frontal three-quarter perspective view, at the peak contraction finish phase of fondos en paralelas inclinando el torso, squeezing the target muscles. The chest (pectoralis major) muscles are highlighted in a bright glowing neon red-orange color showing maximum muscle contraction."
"press_declinado_barra","Press declinado con barra","Pecho","barra","Anatomical 3D model illustration of a highly defined, muscular grey male human figure on a solid pure complete black background. The figure has short cropped hair and is wearing only a tight black athletic boxer shorts. The composition is fully centered, with a wide generous margin on all sides of the figure (top, bottom, left, right) to ensure the character is completely contained inside the frame without touching any edges. High-end, premium fitness application style render. No text, no lines, no labels, no logos. Frontal three-quarter perspective view, holding a barbell in the starting relaxed stretch phase of press declinado con barra. The chest (pectoralis major) muscles are highlighted in a soft, inactive red-orange color.","Anatomical 3D model illustration of a highly defined, muscular grey male human figure on a solid pure complete black background. The figure has short cropped hair and is wearing only a tight black athletic boxer shorts. The composition is fully centered, with a wide generous margin on all sides of the figure (top, bottom, left, right) to ensure the character is completely contained inside the frame without touching any edges. High-end, premium fitness application style render. No text, no lines, no labels, no logos. Frontal three-quarter perspective view, holding a barbell at the peak contraction finish phase of press declinado con barra, squeezing the muscles tightly. The chest (pectoralis major) muscles are highlighted in a bright glowing neon red-orange color showing maximum muscle contraction."
"press_declinado_mancuernas","Press declinado con mancuernas","Pecho","mancuernas","Anatomical 3D model illustration of a highly defined, muscular grey male human figure on a solid pure complete black background. The figure has short cropped hair and is wearing only a tight black athletic boxer shorts. The composition is fully centered, with a wide generous margin on all sides of the figure (top, bottom, left, right) to ensure the character is completely contained inside the frame without touching any edges. High-end, premium fitness application style render. No text, no lines, no labels, no logos. Frontal three-quarter perspective view, holding dumbbells in the starting relaxed stretch phase of press declinado con mancuernas. The chest (pectoralis major) muscles are highlighted in a soft, inactive red-orange color.","Anatomical 3D model illustration of a highly defined, muscular grey male human figure on a solid pure complete black background. The figure has short cropped hair and is wearing only a tight black athletic boxer shorts. The composition is fully centered, with a wide generous margin on all sides of the figure (top, bottom, left, right) to ensure the character is completely contained inside the frame without touching any edges. High-end, premium fitness application style render. No text, no lines, no labels, no logos. Frontal three-quarter perspective view, holding dumbbells at the peak contraction finish phase of press declinado con mancuernas, squeezing the muscles tightly. The chest (pectoralis major) muscles are highlighted in a bright glowing neon red-orange color showing maximum muscle contraction."
"cruce_poleas_arriba_abajo","Cruce de poleas de arriba hacia abajo","Pecho","poleas","Anatomical 3D model illustration of a highly defined, muscular grey male human figure on a solid pure complete black background. The figure has short cropped hair and is wearing only a tight black athletic boxer shorts. The composition is fully centered, with a wide generous margin on all sides of the figure (top, bottom, left, right) to ensure the character is completely contained inside the frame without touching any edges. High-end, premium fitness application style render. No text, no lines, no labels, no logos. Frontal three-quarter perspective view, holding the cable pulley attachment in the starting relaxed stretch phase of cruce de poleas de arriba hacia abajo. The chest (pectoralis major) muscles are highlighted in a soft, inactive red-orange color.","Anatomical 3D model illustration of a highly defined, muscular grey male human figure on a solid pure complete black background. The figure has short cropped hair and is wearing only a tight black athletic boxer shorts. The composition is fully centered, with a wide generous margin on all sides of the figure (top, bottom, left, right) to ensure the character is completely contained inside the frame without touching any edges. High-end, premium fitness application style render. No text, no lines, no labels, no logos. Frontal three-quarter perspective view, holding the cable pulley attachment at the peak contraction finish phase of cruce de poleas de arriba hacia abajo, squeezing the muscles tightly. The chest (pectoralis major) muscles are highlighted in a bright glowing neon red-orange color showing maximum muscle contraction."
"flexiones_inclinadas_banco","Flexiones inclinadas en banco","Pecho","peso_corporal","Anatomical 3D model illustration of a highly defined, muscular grey male human figure on a solid pure complete black background. The figure has short cropped hair and is wearing only a tight black athletic boxer shorts. The composition is fully centered, with a wide generous margin on all sides of the figure (top, bottom, left, right) to ensure the character is completely contained inside the frame without touching any edges. High-end, premium fitness application style render. No text, no lines, no labels, no logos. Frontal three-quarter perspective view, in the starting relaxed stretch phase of flexiones inclinadas en banco. The chest (pectoralis major) muscles are highlighted in a soft, inactive red-orange color.","Anatomical 3D model illustration of a highly defined, muscular grey male human figure on a solid pure complete black background. The figure has short cropped hair and is wearing only a tight black athletic boxer shorts. The composition is fully centered, with a wide generous margin on all sides of the figure (top, bottom, left, right) to ensure the character is completely contained inside the frame without touching any edges. High-end, premium fitness application style render. No text, no lines, no labels, no logos. Frontal three-quarter perspective view, at the peak contraction finish phase of flexiones inclinadas en banco, squeezing the target muscles. The chest (pectoralis major) muscles are highlighted in a bright glowing neon red-orange color showing maximum muscle contraction."
"jalon_pecho_amplio","Jalón al pecho agarre amplio","Espalda","maquina","Anatomical 3D model illustration of a highly defined, muscular grey male human figure on a solid pure complete black background. The figure has short cropped hair and is wearing only a tight black athletic boxer shorts. The composition is fully centered, with a wide generous margin on all sides of the figure (top, bottom, left, right) to ensure the character is completely contained inside the frame without touching any edges. High-end, premium fitness application style render. No text, no lines, no labels, no logos. Back view, seated or positioned in a exercise machine, in the starting relaxed stretch phase of jalón al pecho agarre amplio. The upper and middle back (lats and rhomboids) muscles are highlighted in a soft, inactive red-orange color.","Anatomical 3D model illustration of a highly defined, muscular grey male human figure on a solid pure complete black background. The figure has short cropped hair and is wearing only a tight black athletic boxer shorts. The composition is fully centered, with a wide generous margin on all sides of the figure (top, bottom, left, right) to ensure the character is completely contained inside the frame without touching any edges. High-end, premium fitness application style render. No text, no lines, no labels, no logos. Back view, positioned in a exercise machine at the peak contraction finish phase of jalón al pecho agarre amplio, squeezing the target muscles. The upper and middle back (lats and rhomboids) muscles are highlighted in a bright glowing neon red-orange color showing maximum muscle contraction."
"jalon_pecho_neutro","Jalón al pecho agarre neutro","Espalda","maquina","Anatomical 3D model illustration of a highly defined, muscular grey male human figure on a solid pure complete black background. The figure has short cropped hair and is wearing only a tight black athletic boxer shorts. The composition is fully centered, with a wide generous margin on all sides of the figure (top, bottom, left, right) to ensure the character is completely contained inside the frame without touching any edges. High-end, premium fitness application style render. No text, no lines, no labels, no logos. Back view, seated or positioned in a exercise machine, in the starting relaxed stretch phase of jalón al pecho agarre neutro. The upper and middle back (lats and rhomboids) muscles are highlighted in a soft, inactive red-orange color.","Anatomical 3D model illustration of a highly defined, muscular grey male human figure on a solid pure complete black background. The figure has short cropped hair and is wearing only a tight black athletic boxer shorts. The composition is fully centered, with a wide generous margin on all sides of the figure (top, bottom, left, right) to ensure the character is completely contained inside the frame without touching any edges. High-end, premium fitness application style render. No text, no lines, no labels, no logos. Back view, positioned in a exercise machine at the peak contraction finish phase of jalón al pecho agarre neutro, squeezing the target muscles. The upper and middle back (lats and rhomboids) muscles are highlighted in a bright glowing neon red-orange color showing maximum muscle contraction."
"dominadas","Dominadas","Espalda","peso_corporal","Anatomical 3D model illustration of a highly defined, muscular grey male human figure on a solid pure complete black background. The figure has short cropped hair and is wearing only a tight black athletic boxer shorts. The composition is fully centered, with a wide generous margin on all sides of the figure (top, bottom, left, right) to ensure the character is completely contained inside the frame without touching any edges. High-end, premium fitness application style render. No text, no lines, no labels, no logos. Back view, in the starting relaxed stretch phase of dominadas. The upper and middle back (lats and rhomboids) muscles are highlighted in a soft, inactive red-orange color.","Anatomical 3D model illustration of a highly defined, muscular grey male human figure on a solid pure complete black background. The figure has short cropped hair and is wearing only a tight black athletic boxer shorts. The composition is fully centered, with a wide generous margin on all sides of the figure (top, bottom, left, right) to ensure the character is completely contained inside the frame without touching any edges. High-end, premium fitness application style render. No text, no lines, no labels, no logos. Back view, at the peak contraction finish phase of dominadas, squeezing the target muscles. The upper and middle back (lats and rhomboids) muscles are highlighted in a bright glowing neon red-orange color showing maximum muscle contraction."
"dominadas_asistidas","Dominadas asistidas","Espalda","maquina","Anatomical 3D model illustration of a highly defined, muscular grey male human figure on a solid pure complete black background. The figure has short cropped hair and is wearing only a tight black athletic boxer shorts. The composition is fully centered, with a wide generous margin on all sides of the figure (top, bottom, left, right) to ensure the character is completely contained inside the frame without touching any edges. High-end, premium fitness application style render. No text, no lines, no labels, no logos. Back view, seated or positioned in a exercise machine, in the starting relaxed stretch phase of dominadas asistidas. The upper and middle back (lats and rhomboids) muscles are highlighted in a soft, inactive red-orange color.","Anatomical 3D model illustration of a highly defined, muscular grey male human figure on a solid pure complete black background. The figure has short cropped hair and is wearing only a tight black athletic boxer shorts. The composition is fully centered, with a wide generous margin on all sides of the figure (top, bottom, left, right) to ensure the character is completely contained inside the frame without touching any edges. High-end, premium fitness application style render. No text, no lines, no labels, no logos. Back view, positioned in a exercise machine at the peak contraction finish phase of dominadas asistidas, squeezing the target muscles. The upper and middle back (lats and rhomboids) muscles are highlighted in a bright glowing neon red-orange color showing maximum muscle contraction."
"pullover_polea_alta","Pull-over en polea alta","Espalda","poleas","Anatomical 3D model illustration of a highly defined, muscular grey male human figure on a solid pure complete black background. The figure has short cropped hair and is wearing only a tight black athletic boxer shorts. The composition is fully centered, with a wide generous margin on all sides of the figure (top, bottom, left, right) to ensure the character is completely contained inside the frame without touching any edges. High-end, premium fitness application style render. No text, no lines, no labels, no logos. Back view, holding the cable pulley attachment in the starting relaxed stretch phase of pull-over en polea alta. The upper and middle back (lats and rhomboids) muscles are highlighted in a soft, inactive red-orange color.","Anatomical 3D model illustration of a highly defined, muscular grey male human figure on a solid pure complete black background. The figure has short cropped hair and is wearing only a tight black athletic boxer shorts. The composition is fully centered, with a wide generous margin on all sides of the figure (top, bottom, left, right) to ensure the character is completely contained inside the frame without touching any edges. High-end, premium fitness application style render. No text, no lines, no labels, no logos. Back view, holding the cable pulley attachment at the peak contraction finish phase of pull-over en polea alta, squeezing the muscles tightly. The upper and middle back (lats and rhomboids) muscles are highlighted in a bright glowing neon red-orange color showing maximum muscle contraction."
"remo_barra","Remo con barra","Espalda","barra","Anatomical 3D model illustration of a highly defined, muscular grey male human figure on a solid pure complete black background. The figure has short cropped hair and is wearing only a tight black athletic boxer shorts. The composition is fully centered, with a wide generous margin on all sides of the figure (top, bottom, left, right) to ensure the character is completely contained inside the frame without touching any edges. High-end, premium fitness application style render. No text, no lines, no labels, no logos. Back view, holding a barbell in the starting relaxed stretch phase of remo con barra. The upper and middle back (lats and rhomboids) muscles are highlighted in a soft, inactive red-orange color.","Anatomical 3D model illustration of a highly defined, muscular grey male human figure on a solid pure complete black background. The figure has short cropped hair and is wearing only a tight black athletic boxer shorts. The composition is fully centered, with a wide generous margin on all sides of the figure (top, bottom, left, right) to ensure the character is completely contained inside the frame without touching any edges. High-end, premium fitness application style render. No text, no lines, no labels, no logos. Back view, holding a barbell at the peak contraction finish phase of remo con barra, squeezing the muscles tightly. The upper and middle back (lats and rhomboids) muscles are highlighted in a bright glowing neon red-orange color showing maximum muscle contraction."
"remo_sentado_polea","Remo sentado en polea","Espalda","poleas","Anatomical 3D model illustration of a highly defined, muscular grey male human figure on a solid pure complete black background. The figure has short cropped hair and is wearing only a tight black athletic boxer shorts. The composition is fully centered, with a wide generous margin on all sides of the figure (top, bottom, left, right) to ensure the character is completely contained inside the frame without touching any edges. High-end, premium fitness application style render. No text, no lines, no labels, no logos. Back view, holding the cable pulley attachment in the starting relaxed stretch phase of remo sentado en polea. The upper and middle back (lats and rhomboids) muscles are highlighted in a soft, inactive red-orange color.","Anatomical 3D model illustration of a highly defined, muscular grey male human figure on a solid pure complete black background. The figure has short cropped hair and is wearing only a tight black athletic boxer shorts. The composition is fully centered, with a wide generous margin on all sides of the figure (top, bottom, left, right) to ensure the character is completely contained inside the frame without touching any edges. High-end, premium fitness application style render. No text, no lines, no labels, no logos. Back view, holding the cable pulley attachment at the peak contraction finish phase of remo sentado en polea, squeezing the muscles tightly. The upper and middle back (lats and rhomboids) muscles are highlighted in a bright glowing neon red-orange color showing maximum muscle contraction."
"remo_mancuerna_unilateral","Remo con mancuerna unilateral","Espalda","mancuernas","Anatomical 3D model illustration of a highly defined, muscular grey male human figure on a solid pure complete black background. The figure has short cropped hair and is wearing only a tight black athletic boxer shorts. The composition is fully centered, with a wide generous margin on all sides of the figure (top, bottom, left, right) to ensure the character is completely contained inside the frame without touching any edges. High-end, premium fitness application style render. No text, no lines, no labels, no logos. Back view, holding dumbbells in the starting relaxed stretch phase of remo con mancuerna unilateral. The upper and middle back (lats and rhomboids) muscles are highlighted in a soft, inactive red-orange color.","Anatomical 3D model illustration of a highly defined, muscular grey male human figure on a solid pure complete black background. The figure has short cropped hair and is wearing only a tight black athletic boxer shorts. The composition is fully centered, with a wide generous margin on all sides of the figure (top, bottom, left, right) to ensure the character is completely contained inside the frame without touching any edges. High-end, premium fitness application style render. No text, no lines, no labels, no logos. Back view, holding dumbbells at the peak contraction finish phase of remo con mancuerna unilateral, squeezing the muscles tightly. The upper and middle back (lats and rhomboids) muscles are highlighted in a bright glowing neon red-orange color showing maximum muscle contraction."
"remo_t_bar","Remo T-bar","Espalda","barra","Anatomical 3D model illustration of a highly defined, muscular grey male human figure on a solid pure complete black background. The figure has short cropped hair and is wearing only a tight black athletic boxer shorts. The composition is fully centered, with a wide generous margin on all sides of the figure (top, bottom, left, right) to ensure the character is completely contained inside the frame without touching any edges. High-end, premium fitness application style render. No text, no lines, no labels, no logos. Back view, holding a barbell in the starting relaxed stretch phase of remo t-bar. The upper and middle back (lats and rhomboids) muscles are highlighted in a soft, inactive red-orange color.","Anatomical 3D model illustration of a highly defined, muscular grey male human figure on a solid pure complete black background. The figure has short cropped hair and is wearing only a tight black athletic boxer shorts. The composition is fully centered, with a wide generous margin on all sides of the figure (top, bottom, left, right) to ensure the character is completely contained inside the frame without touching any edges. High-end, premium fitness application style render. No text, no lines, no labels, no logos. Back view, holding a barbell at the peak contraction finish phase of remo t-bar, squeezing the muscles tightly. The upper and middle back (lats and rhomboids) muscles are highlighted in a bright glowing neon red-orange color showing maximum muscle contraction."
"remo_maquina","Remo en máquina","Espalda","maquina","Anatomical 3D model illustration of a highly defined, muscular grey male human figure on a solid pure complete black background. The figure has short cropped hair and is wearing only a tight black athletic boxer shorts. The composition is fully centered, with a wide generous margin on all sides of the figure (top, bottom, left, right) to ensure the character is completely contained inside the frame without touching any edges. High-end, premium fitness application style render. No text, no lines, no labels, no logos. Back view, seated or positioned in a exercise machine, in the starting relaxed stretch phase of remo en máquina. The upper and middle back (lats and rhomboids) muscles are highlighted in a soft, inactive red-orange color.","Anatomical 3D model illustration of a highly defined, muscular grey male human figure on a solid pure complete black background. The figure has short cropped hair and is wearing only a tight black athletic boxer shorts. The composition is fully centered, with a wide generous margin on all sides of the figure (top, bottom, left, right) to ensure the character is completely contained inside the frame without touching any edges. High-end, premium fitness application style render. No text, no lines, no labels, no logos. Back view, positioned in a exercise machine at the peak contraction finish phase of remo en máquina, squeezing the target muscles. The upper and middle back (lats and rhomboids) muscles are highlighted in a bright glowing neon red-orange color showing maximum muscle contraction."
"peso_muerto_convencional","Peso muerto convencional","Espalda","barra","Anatomical 3D model illustration of a highly defined, muscular grey male human figure on a solid pure complete black background. The figure has short cropped hair and is wearing only a tight black athletic boxer shorts. The composition is fully centered, with a wide generous margin on all sides of the figure (top, bottom, left, right) to ensure the character is completely contained inside the frame without touching any edges. High-end, premium fitness application style render. No text, no lines, no labels, no logos. Back view, holding a barbell in the starting relaxed stretch phase of peso muerto convencional. The upper and middle back (lats and rhomboids) muscles are highlighted in a soft, inactive red-orange color.","Anatomical 3D model illustration of a highly defined, muscular grey male human figure on a solid pure complete black background. The figure has short cropped hair and is wearing only a tight black athletic boxer shorts. The composition is fully centered, with a wide generous margin on all sides of the figure (top, bottom, left, right) to ensure the character is completely contained inside the frame without touching any edges. High-end, premium fitness application style render. No text, no lines, no labels, no logos. Back view, holding a barbell at the peak contraction finish phase of peso muerto convencional, squeezing the muscles tightly. The upper and middle back (lats and rhomboids) muscles are highlighted in a bright glowing neon red-orange color showing maximum muscle contraction."
"peso_muerto_rumano_espalda","Peso muerto rumano","Espalda","barra","Anatomical 3D model illustration of a highly defined, muscular grey male human figure on a solid pure complete black background. The figure has short cropped hair and is wearing only a tight black athletic boxer shorts. The composition is fully centered, with a wide generous margin on all sides of the figure (top, bottom, left, right) to ensure the character is completely contained inside the frame without touching any edges. High-end, premium fitness application style render. No text, no lines, no labels, no logos. Back view, holding a barbell in the starting relaxed stretch phase of peso muerto rumano. The upper and middle back (lats and rhomboids) muscles are highlighted in a soft, inactive red-orange color.","Anatomical 3D model illustration of a highly defined, muscular grey male human figure on a solid pure complete black background. The figure has short cropped hair and is wearing only a tight black athletic boxer shorts. The composition is fully centered, with a wide generous margin on all sides of the figure (top, bottom, left, right) to ensure the character is completely contained inside the frame without touching any edges. High-end, premium fitness application style render. No text, no lines, no labels, no logos. Back view, holding a barbell at the peak contraction finish phase of peso muerto rumano, squeezing the muscles tightly. The upper and middle back (lats and rhomboids) muscles are highlighted in a bright glowing neon red-orange color showing maximum muscle contraction."
"hiperextensiones_banco","Hiperextensiones en banco","Espalda","peso_corporal","Anatomical 3D model illustration of a highly defined, muscular grey male human figure on a solid pure complete black background. The figure has short cropped hair and is wearing only a tight black athletic boxer shorts. The composition is fully centered, with a wide generous margin on all sides of the figure (top, bottom, left, right) to ensure the character is completely contained inside the frame without touching any edges. High-end, premium fitness application style render. No text, no lines, no labels, no logos. Back view, in the starting relaxed stretch phase of hiperextensiones en banco. The upper and middle back (lats and rhomboids) muscles are highlighted in a soft, inactive red-orange color.","Anatomical 3D model illustration of a highly defined, muscular grey male human figure on a solid pure complete black background. The figure has short cropped hair and is wearing only a tight black athletic boxer shorts. The composition is fully centered, with a wide generous margin on all sides of the figure (top, bottom, left, right) to ensure the character is completely contained inside the frame without touching any edges. High-end, premium fitness application style render. No text, no lines, no labels, no logos. Back view, at the peak contraction finish phase of hiperextensiones en banco, squeezing the target muscles. The upper and middle back (lats and rhomboids) muscles are highlighted in a bright glowing neon red-orange color showing maximum muscle contraction."
"buenos_dias_barra_espalda","Buenos días con barra","Espalda","barra","Anatomical 3D model illustration of a highly defined, muscular grey male human figure on a solid pure complete black background. The figure has short cropped hair and is wearing only a tight black athletic boxer shorts. The composition is fully centered, with a wide generous margin on all sides of the figure (top, bottom, left, right) to ensure the character is completely contained inside the frame without touching any edges. High-end, premium fitness application style render. No text, no lines, no labels, no logos. Back view, holding a barbell in the starting relaxed stretch phase of buenos días con barra. The upper and middle back (lats and rhomboids) muscles are highlighted in a soft, inactive red-orange color.","Anatomical 3D model illustration of a highly defined, muscular grey male human figure on a solid pure complete black background. The figure has short cropped hair and is wearing only a tight black athletic boxer shorts. The composition is fully centered, with a wide generous margin on all sides of the figure (top, bottom, left, right) to ensure the character is completely contained inside the frame without touching any edges. High-end, premium fitness application style render. No text, no lines, no labels, no logos. Back view, holding a barbell at the peak contraction finish phase of buenos días con barra, squeezing the muscles tightly. The upper and middle back (lats and rhomboids) muscles are highlighted in a bright glowing neon red-orange color showing maximum muscle contraction."
"superman_suelo","Superman en suelo","Espalda","peso_corporal","Anatomical 3D model illustration of a highly defined, muscular grey male human figure on a solid pure complete black background. The figure has short cropped hair and is wearing only a tight black athletic boxer shorts. The composition is fully centered, with a wide generous margin on all sides of the figure (top, bottom, left, right) to ensure the character is completely contained inside the frame without touching any edges. High-end, premium fitness application style render. No text, no lines, no labels, no logos. Back view, in the starting relaxed stretch phase of superman en suelo. The upper and middle back (lats and rhomboids) muscles are highlighted in a soft, inactive red-orange color.","Anatomical 3D model illustration of a highly defined, muscular grey male human figure on a solid pure complete black background. The figure has short cropped hair and is wearing only a tight black athletic boxer shorts. The composition is fully centered, with a wide generous margin on all sides of the figure (top, bottom, left, right) to ensure the character is completely contained inside the frame without touching any edges. High-end, premium fitness application style render. No text, no lines, no labels, no logos. Back view, at the peak contraction finish phase of superman en suelo, squeezing the target muscles. The upper and middle back (lats and rhomboids) muscles are highlighted in a bright glowing neon red-orange color showing maximum muscle contraction."
"press_militar_barra","Press militar con barra","Hombros","barra","Anatomical 3D model illustration of a highly defined, muscular grey male human figure on a solid pure complete black background. The figure has short cropped hair and is wearing only a tight black athletic boxer shorts. The composition is fully centered, with a wide generous margin on all sides of the figure (top, bottom, left, right) to ensure the character is completely contained inside the frame without touching any edges. High-end, premium fitness application style render. No text, no lines, no labels, no logos. Frontal three-quarter perspective view, holding a barbell in the starting relaxed stretch phase of press militar con barra. The shoulder (deltoids) muscles are highlighted in a soft, inactive red-orange color.","Anatomical 3D model illustration of a highly defined, muscular grey male human figure on a solid pure complete black background. The figure has short cropped hair and is wearing only a tight black athletic boxer shorts. The composition is fully centered, with a wide generous margin on all sides of the figure (top, bottom, left, right) to ensure the character is completely contained inside the frame without touching any edges. High-end, premium fitness application style render. No text, no lines, no labels, no logos. Frontal three-quarter perspective view, holding a barbell at the peak contraction finish phase of press militar con barra, squeezing the muscles tightly. The shoulder (deltoids) muscles are highlighted in a bright glowing neon red-orange color showing maximum muscle contraction."
"press_militar_mancuernas","Press militar con mancuernas","Hombros","mancuernas","Anatomical 3D model illustration of a highly defined, muscular grey male human figure on a solid pure complete black background. The figure has short cropped hair and is wearing only a tight black athletic boxer shorts. The composition is fully centered, with a wide generous margin on all sides of the figure (top, bottom, left, right) to ensure the character is completely contained inside the frame without touching any edges. High-end, premium fitness application style render. No text, no lines, no labels, no logos. Frontal three-quarter perspective view, holding dumbbells in the starting relaxed stretch phase of press militar con mancuernas. The shoulder (deltoids) muscles are highlighted in a soft, inactive red-orange color.","Anatomical 3D model illustration of a highly defined, muscular grey male human figure on a solid pure complete black background. The figure has short cropped hair and is wearing only a tight black athletic boxer shorts. The composition is fully centered, with a wide generous margin on all sides of the figure (top, bottom, left, right) to ensure the character is completely contained inside the frame without touching any edges. High-end, premium fitness application style render. No text, no lines, no labels, no logos. Frontal three-quarter perspective view, holding dumbbells at the peak contraction finish phase of press militar con mancuernas, squeezing the muscles tightly. The shoulder (deltoids) muscles are highlighted in a bright glowing neon red-orange color showing maximum muscle contraction."
"press_arnold","Press Arnold","Hombros","mancuernas","Anatomical 3D model illustration of a highly defined, muscular grey male human figure on a solid pure complete black background. The figure has short cropped hair and is wearing only a tight black athletic boxer shorts. The composition is fully centered, with a wide generous margin on all sides of the figure (top, bottom, left, right) to ensure the character is completely contained inside the frame without touching any edges. High-end, premium fitness application style render. No text, no lines, no labels, no logos. Frontal three-quarter perspective view, holding dumbbells in the starting relaxed stretch phase of press arnold. The shoulder (deltoids) muscles are highlighted in a soft, inactive red-orange color.","Anatomical 3D model illustration of a highly defined, muscular grey male human figure on a solid pure complete black background. The figure has short cropped hair and is wearing only a tight black athletic boxer shorts. The composition is fully centered, with a wide generous margin on all sides of the figure (top, bottom, left, right) to ensure the character is completely contained inside the frame without touching any edges. High-end, premium fitness application style render. No text, no lines, no labels, no logos. Frontal three-quarter perspective view, holding dumbbells at the peak contraction finish phase of press arnold, squeezing the muscles tightly. The shoulder (deltoids) muscles are highlighted in a bright glowing neon red-orange color showing maximum muscle contraction."
"press_maquina_hombro","Press en máquina de hombro","Hombros","maquina","Anatomical 3D model illustration of a highly defined, muscular grey male human figure on a solid pure complete black background. The figure has short cropped hair and is wearing only a tight black athletic boxer shorts. The composition is fully centered, with a wide generous margin on all sides of the figure (top, bottom, left, right) to ensure the character is completely contained inside the frame without touching any edges. High-end, premium fitness application style render. No text, no lines, no labels, no logos. Frontal three-quarter perspective view, seated or positioned in a exercise machine, in the starting relaxed stretch phase of press en máquina de hombro. The shoulder (deltoids) muscles are highlighted in a soft, inactive red-orange color.","Anatomical 3D model illustration of a highly defined, muscular grey male human figure on a solid pure complete black background. The figure has short cropped hair and is wearing only a tight black athletic boxer shorts. The composition is fully centered, with a wide generous margin on all sides of the figure (top, bottom, left, right) to ensure the character is completely contained inside the frame without touching any edges. High-end, premium fitness application style render. No text, no lines, no labels, no logos. Frontal three-quarter perspective view, positioned in a exercise machine at the peak contraction finish phase of press en máquina de hombro, squeezing the target muscles. The shoulder (deltoids) muscles are highlighted in a bright glowing neon red-orange color showing maximum muscle contraction."
"elevacion_frontal_mancuernas","Elevación frontal con mancuernas","Hombros","mancuernas","Anatomical 3D model illustration of a highly defined, muscular grey male human figure on a solid pure complete black background. The figure has short cropped hair and is wearing only a tight black athletic boxer shorts. The composition is fully centered, with a wide generous margin on all sides of the figure (top, bottom, left, right) to ensure the character is completely contained inside the frame without touching any edges. High-end, premium fitness application style render. No text, no lines, no labels, no logos. Frontal three-quarter perspective view, holding dumbbells in the starting relaxed stretch phase of elevación frontal con mancuernas. The shoulder (deltoids) muscles are highlighted in a soft, inactive red-orange color.","Anatomical 3D model illustration of a highly defined, muscular grey male human figure on a solid pure complete black background. The figure has short cropped hair and is wearing only a tight black athletic boxer shorts. The composition is fully centered, with a wide generous margin on all sides of the figure (top, bottom, left, right) to ensure the character is completely contained inside the frame without touching any edges. High-end, premium fitness application style render. No text, no lines, no labels, no logos. Frontal three-quarter perspective view, holding dumbbells at the peak contraction finish phase of elevación frontal con mancuernas, squeezing the muscles tightly. The shoulder (deltoids) muscles are highlighted in a bright glowing neon red-orange color showing maximum muscle contraction."
"elevaciones_laterales_mancuernas","Elevaciones laterales con mancuernas","Hombros","mancuernas","Anatomical 3D model illustration of a highly defined, muscular grey male human figure on a solid pure complete black background. The figure has short cropped hair and is wearing only a tight black athletic boxer shorts. The composition is fully centered, with a wide generous margin on all sides of the figure (top, bottom, left, right) to ensure the character is completely contained inside the frame without touching any edges. High-end, premium fitness application style render. No text, no lines, no labels, no logos. Frontal three-quarter perspective view, holding dumbbells in the starting relaxed stretch phase of elevaciones laterales con mancuernas. The shoulder (deltoids) muscles are highlighted in a soft, inactive red-orange color.","Anatomical 3D model illustration of a highly defined, muscular grey male human figure on a solid pure complete black background. The figure has short cropped hair and is wearing only a tight black athletic boxer shorts. The composition is fully centered, with a wide generous margin on all sides of the figure (top, bottom, left, right) to ensure the character is completely contained inside the frame without touching any edges. High-end, premium fitness application style render. No text, no lines, no labels, no logos. Frontal three-quarter perspective view, holding dumbbells at the peak contraction finish phase of elevaciones laterales con mancuernas, squeezing the muscles tightly. The shoulder (deltoids) muscles are highlighted in a bright glowing neon red-orange color showing maximum muscle contraction."
"elevaciones_laterales_polea","Elevaciones laterales en polea","Hombros","poleas","Anatomical 3D model illustration of a highly defined, muscular grey male human figure on a solid pure complete black background. The figure has short cropped hair and is wearing only a tight black athletic boxer shorts. The composition is fully centered, with a wide generous margin on all sides of the figure (top, bottom, left, right) to ensure the character is completely contained inside the frame without touching any edges. High-end, premium fitness application style render. No text, no lines, no labels, no logos. Frontal three-quarter perspective view, holding the cable pulley attachment in the starting relaxed stretch phase of elevaciones laterales en polea. The shoulder (deltoids) muscles are highlighted in a soft, inactive red-orange color.","Anatomical 3D model illustration of a highly defined, muscular grey male human figure on a solid pure complete black background. The figure has short cropped hair and is wearing only a tight black athletic boxer shorts. The composition is fully centered, with a wide generous margin on all sides of the figure (top, bottom, left, right) to ensure the character is completely contained inside the frame without touching any edges. High-end, premium fitness application style render. No text, no lines, no labels, no logos. Frontal three-quarter perspective view, holding the cable pulley attachment at the peak contraction finish phase of elevaciones laterales en polea, squeezing the muscles tightly. The shoulder (deltoids) muscles are highlighted in a bright glowing neon red-orange color showing maximum muscle contraction."
"elevaciones_laterales_maquina","Elevaciones laterales en máquina","Hombros","maquina","Anatomical 3D model illustration of a highly defined, muscular grey male human figure on a solid pure complete black background. The figure has short cropped hair and is wearing only a tight black athletic boxer shorts. The composition is fully centered, with a wide generous margin on all sides of the figure (top, bottom, left, right) to ensure the character is completely contained inside the frame without touching any edges. High-end, premium fitness application style render. No text, no lines, no labels, no logos. Frontal three-quarter perspective view, seated or positioned in a exercise machine, in the starting relaxed stretch phase of elevaciones laterales en máquina. The shoulder (deltoids) muscles are highlighted in a soft, inactive red-orange color.","Anatomical 3D model illustration of a highly defined, muscular grey male human figure on a solid pure complete black background. The figure has short cropped hair and is wearing only a tight black athletic boxer shorts. The composition is fully centered, with a wide generous margin on all sides of the figure (top, bottom, left, right) to ensure the character is completely contained inside the frame without touching any edges. High-end, premium fitness application style render. No text, no lines, no labels, no logos. Frontal three-quarter perspective view, positioned in a exercise machine at the peak contraction finish phase of elevaciones laterales en máquina, squeezing the target muscles. The shoulder (deltoids) muscles are highlighted in a bright glowing neon red-orange color showing maximum muscle contraction."
"elevacion_lateral_unilateral","Elevación lateral unilateral","Hombros","mancuernas","Anatomical 3D model illustration of a highly defined, muscular grey male human figure on a solid pure complete black background. The figure has short cropped hair and is wearing only a tight black athletic boxer shorts. The composition is fully centered, with a wide generous margin on all sides of the figure (top, bottom, left, right) to ensure the character is completely contained inside the frame without touching any edges. High-end, premium fitness application style render. No text, no lines, no labels, no logos. Frontal three-quarter perspective view, holding dumbbells in the starting relaxed stretch phase of elevación lateral unilateral. The shoulder (deltoids) muscles are highlighted in a soft, inactive red-orange color.","Anatomical 3D model illustration of a highly defined, muscular grey male human figure on a solid pure complete black background. The figure has short cropped hair and is wearing only a tight black athletic boxer shorts. The composition is fully centered, with a wide generous margin on all sides of the figure (top, bottom, left, right) to ensure the character is completely contained inside the frame without touching any edges. High-end, premium fitness application style render. No text, no lines, no labels, no logos. Frontal three-quarter perspective view, holding dumbbells at the peak contraction finish phase of elevación lateral unilateral, squeezing the muscles tightly. The shoulder (deltoids) muscles are highlighted in a bright glowing neon red-orange color showing maximum muscle contraction."
"remo_menton_agarre_amplio","Remo al mentón con agarre amplio","Hombros","barra","Anatomical 3D model illustration of a highly defined, muscular grey male human figure on a solid pure complete black background. The figure has short cropped hair and is wearing only a tight black athletic boxer shorts. The composition is fully centered, with a wide generous margin on all sides of the figure (top, bottom, left, right) to ensure the character is completely contained inside the frame without touching any edges. High-end, premium fitness application style render. No text, no lines, no labels, no logos. Frontal three-quarter perspective view, holding a barbell in the starting relaxed stretch phase of remo al mentón con agarre amplio. The shoulder (deltoids) muscles are highlighted in a soft, inactive red-orange color.","Anatomical 3D model illustration of a highly defined, muscular grey male human figure on a solid pure complete black background. The figure has short cropped hair and is wearing only a tight black athletic boxer shorts. The composition is fully centered, with a wide generous margin on all sides of the figure (top, bottom, left, right) to ensure the character is completely contained inside the frame without touching any edges. High-end, premium fitness application style render. No text, no lines, no labels, no logos. Frontal three-quarter perspective view, holding a barbell at the peak contraction finish phase of remo al mentón con agarre amplio, squeezing the muscles tightly. The shoulder (deltoids) muscles are highlighted in a bright glowing neon red-orange color showing maximum muscle contraction."
"pajaros_mancuernas","Pájaros con mancuernas","Hombros","mancuernas","Anatomical 3D model illustration of a highly defined, muscular grey male human figure on a solid pure complete black background. The figure has short cropped hair and is wearing only a tight black athletic boxer shorts. The composition is fully centered, with a wide generous margin on all sides of the figure (top, bottom, left, right) to ensure the character is completely contained inside the frame without touching any edges. High-end, premium fitness application style render. No text, no lines, no labels, no logos. Back view, holding dumbbells in the starting relaxed stretch phase of pájaros con mancuernas. The shoulder (deltoids) muscles are highlighted in a soft, inactive red-orange color.","Anatomical 3D model illustration of a highly defined, muscular grey male human figure on a solid pure complete black background. The figure has short cropped hair and is wearing only a tight black athletic boxer shorts. The composition is fully centered, with a wide generous margin on all sides of the figure (top, bottom, left, right) to ensure the character is completely contained inside the frame without touching any edges. High-end, premium fitness application style render. No text, no lines, no labels, no logos. Back view, holding dumbbells at the peak contraction finish phase of pájaros con mancuernas, squeezing the muscles tightly. The shoulder (deltoids) muscles are highlighted in a bright glowing neon red-orange color showing maximum muscle contraction."
"reverse_pec_deck","Reverse pec deck","Hombros","maquina","Anatomical 3D model illustration of a highly defined, muscular grey male human figure on a solid pure complete black background. The figure has short cropped hair and is wearing only a tight black athletic boxer shorts. The composition is fully centered, with a wide generous margin on all sides of the figure (top, bottom, left, right) to ensure the character is completely contained inside the frame without touching any edges. High-end, premium fitness application style render. No text, no lines, no labels, no logos. Frontal three-quarter perspective view, seated or positioned in a exercise machine, in the starting relaxed stretch phase of reverse pec deck. The shoulder (deltoids) muscles are highlighted in a soft, inactive red-orange color.","Anatomical 3D model illustration of a highly defined, muscular grey male human figure on a solid pure complete black background. The figure has short cropped hair and is wearing only a tight black athletic boxer shorts. The composition is fully centered, with a wide generous margin on all sides of the figure (top, bottom, left, right) to ensure the character is completely contained inside the frame without touching any edges. High-end, premium fitness application style render. No text, no lines, no labels, no logos. Frontal three-quarter perspective view, positioned in a exercise machine at the peak contraction finish phase of reverse pec deck, squeezing the target muscles. The shoulder (deltoids) muscles are highlighted in a bright glowing neon red-orange color showing maximum muscle contraction."
"face_pull","Face pull","Hombros","poleas","Anatomical 3D model illustration of a highly defined, muscular grey male human figure on a solid pure complete black background. The figure has short cropped hair and is wearing only a tight black athletic boxer shorts. The composition is fully centered, with a wide generous margin on all sides of the figure (top, bottom, left, right) to ensure the character is completely contained inside the frame without touching any edges. High-end, premium fitness application style render. No text, no lines, no labels, no logos. Back view, holding the cable pulley attachment in the starting relaxed stretch phase of face pull. The shoulder (deltoids) muscles are highlighted in a soft, inactive red-orange color.","Anatomical 3D model illustration of a highly defined, muscular grey male human figure on a solid pure complete black background. The figure has short cropped hair and is wearing only a tight black athletic boxer shorts. The composition is fully centered, with a wide generous margin on all sides of the figure (top, bottom, left, right) to ensure the character is completely contained inside the frame without touching any edges. High-end, premium fitness application style render. No text, no lines, no labels, no logos. Back view, holding the cable pulley attachment at the peak contraction finish phase of face pull, squeezing the muscles tightly. The shoulder (deltoids) muscles are highlighted in a bright glowing neon red-orange color showing maximum muscle contraction."
"elevacion_posterior_polea","Elevación posterior en polea","Hombros","poleas","Anatomical 3D model illustration of a highly defined, muscular grey male human figure on a solid pure complete black background. The figure has short cropped hair and is wearing only a tight black athletic boxer shorts. The composition is fully centered, with a wide generous margin on all sides of the figure (top, bottom, left, right) to ensure the character is completely contained inside the frame without touching any edges. High-end, premium fitness application style render. No text, no lines, no labels, no logos. Frontal three-quarter perspective view, holding the cable pulley attachment in the starting relaxed stretch phase of elevación posterior en polea. The shoulder (deltoids) muscles are highlighted in a soft, inactive red-orange color.","Anatomical 3D model illustration of a highly defined, muscular grey male human figure on a solid pure complete black background. The figure has short cropped hair and is wearing only a tight black athletic boxer shorts. The composition is fully centered, with a wide generous margin on all sides of the figure (top, bottom, left, right) to ensure the character is completely contained inside the frame without touching any edges. High-end, premium fitness application style render. No text, no lines, no labels, no logos. Frontal three-quarter perspective view, holding the cable pulley attachment at the peak contraction finish phase of elevación posterior en polea, squeezing the muscles tightly. The shoulder (deltoids) muscles are highlighted in a bright glowing neon red-orange color showing maximum muscle contraction."
"band_pull_aparts","Band pull-aparts","Hombros","bandas","Anatomical 3D model illustration of a highly defined, muscular grey male human figure on a solid pure complete black background. The figure has short cropped hair and is wearing only a tight black athletic boxer shorts. The composition is fully centered, with a wide generous margin on all sides of the figure (top, bottom, left, right) to ensure the character is completely contained inside the frame without touching any edges. High-end, premium fitness application style render. No text, no lines, no labels, no logos. Frontal three-quarter perspective view, in the starting relaxed stretch phase of band pull-aparts. The shoulder (deltoids) muscles are highlighted in a soft, inactive red-orange color.","Anatomical 3D model illustration of a highly defined, muscular grey male human figure on a solid pure complete black background. The figure has short cropped hair and is wearing only a tight black athletic boxer shorts. The composition is fully centered, with a wide generous margin on all sides of the figure (top, bottom, left, right) to ensure the character is completely contained inside the frame without touching any edges. High-end, premium fitness application style render. No text, no lines, no labels, no logos. Frontal three-quarter perspective view, at the peak contraction finish phase of band pull-aparts, squeezing the target muscles. The shoulder (deltoids) muscles are highlighted in a bright glowing neon red-orange color showing maximum muscle contraction."
"rotacion_externa_banda","Rotación externa con banda","Hombros","bandas","Anatomical 3D model illustration of a highly defined, muscular grey male human figure on a solid pure complete black background. The figure has short cropped hair and is wearing only a tight black athletic boxer shorts. The composition is fully centered, with a wide generous margin on all sides of the figure (top, bottom, left, right) to ensure the character is completely contained inside the frame without touching any edges. High-end, premium fitness application style render. No text, no lines, no labels, no logos. Frontal three-quarter perspective view, in the starting relaxed stretch phase of rotación externa con banda. The shoulder (deltoids) muscles are highlighted in a soft, inactive red-orange color.","Anatomical 3D model illustration of a highly defined, muscular grey male human figure on a solid pure complete black background. The figure has short cropped hair and is wearing only a tight black athletic boxer shorts. The composition is fully centered, with a wide generous margin on all sides of the figure (top, bottom, left, right) to ensure the character is completely contained inside the frame without touching any edges. High-end, premium fitness application style render. No text, no lines, no labels, no logos. Frontal three-quarter perspective view, at the peak contraction finish phase of rotación externa con banda, squeezing the target muscles. The shoulder (deltoids) muscles are highlighted in a bright glowing neon red-orange color showing maximum muscle contraction."
"rotacion_externa_polea","Rotación externa en polea","Hombros","poleas","Anatomical 3D model illustration of a highly defined, muscular grey male human figure on a solid pure complete black background. The figure has short cropped hair and is wearing only a tight black athletic boxer shorts. The composition is fully centered, with a wide generous margin on all sides of the figure (top, bottom, left, right) to ensure the character is completely contained inside the frame without touching any edges. High-end, premium fitness application style render. No text, no lines, no labels, no logos. Frontal three-quarter perspective view, holding the cable pulley attachment in the starting relaxed stretch phase of rotación externa en polea. The shoulder (deltoids) muscles are highlighted in a soft, inactive red-orange color.","Anatomical 3D model illustration of a highly defined, muscular grey male human figure on a solid pure complete black background. The figure has short cropped hair and is wearing only a tight black athletic boxer shorts. The composition is fully centered, with a wide generous margin on all sides of the figure (top, bottom, left, right) to ensure the character is completely contained inside the frame without touching any edges. High-end, premium fitness application style render. No text, no lines, no labels, no logos. Frontal three-quarter perspective view, holding the cable pulley attachment at the peak contraction finish phase of rotación externa en polea, squeezing the muscles tightly. The shoulder (deltoids) muscles are highlighted in a bright glowing neon red-orange color showing maximum muscle contraction."
"rotacion_interna_banda","Rotación interna con banda","Hombros","bandas","Anatomical 3D model illustration of a highly defined, muscular grey male human figure on a solid pure complete black background. The figure has short cropped hair and is wearing only a tight black athletic boxer shorts. The composition is fully centered, with a wide generous margin on all sides of the figure (top, bottom, left, right) to ensure the character is completely contained inside the frame without touching any edges. High-end, premium fitness application style render. No text, no lines, no labels, no logos. Frontal three-quarter perspective view, in the starting relaxed stretch phase of rotación interna con banda. The shoulder (deltoids) muscles are highlighted in a soft, inactive red-orange color.","Anatomical 3D model illustration of a highly defined, muscular grey male human figure on a solid pure complete black background. The figure has short cropped hair and is wearing only a tight black athletic boxer shorts. The composition is fully centered, with a wide generous margin on all sides of the figure (top, bottom, left, right) to ensure the character is completely contained inside the frame without touching any edges. High-end, premium fitness application style render. No text, no lines, no labels, no logos. Frontal three-quarter perspective view, at the peak contraction finish phase of rotación interna con banda, squeezing the target muscles. The shoulder (deltoids) muscles are highlighted in a bright glowing neon red-orange color showing maximum muscle contraction."
"scapular_push_ups","Scapular push-ups","Hombros","peso_corporal","Anatomical 3D model illustration of a highly defined, muscular grey male human figure on a solid pure complete black background. The figure has short cropped hair and is wearing only a tight black athletic boxer shorts. The composition is fully centered, with a wide generous margin on all sides of the figure (top, bottom, left, right) to ensure the character is completely contained inside the frame without touching any edges. High-end, premium fitness application style render. No text, no lines, no labels, no logos. Frontal three-quarter perspective view, in the starting relaxed stretch phase of scapular push-ups. The shoulder (deltoids) muscles are highlighted in a soft, inactive red-orange color.","Anatomical 3D model illustration of a highly defined, muscular grey male human figure on a solid pure complete black background. The figure has short cropped hair and is wearing only a tight black athletic boxer shorts. The composition is fully centered, with a wide generous margin on all sides of the figure (top, bottom, left, right) to ensure the character is completely contained inside the frame without touching any edges. High-end, premium fitness application style render. No text, no lines, no labels, no logos. Frontal three-quarter perspective view, at the peak contraction finish phase of scapular push-ups, squeezing the target muscles. The shoulder (deltoids) muscles are highlighted in a bright glowing neon red-orange color showing maximum muscle contraction."
"wall_slides","Wall slides","Hombros","peso_corporal","Anatomical 3D model illustration of a highly defined, muscular grey male human figure on a solid pure complete black background. The figure has short cropped hair and is wearing only a tight black athletic boxer shorts. The composition is fully centered, with a wide generous margin on all sides of the figure (top, bottom, left, right) to ensure the character is completely contained inside the frame without touching any edges. High-end, premium fitness application style render. No text, no lines, no labels, no logos. Frontal three-quarter perspective view, in the starting relaxed stretch phase of wall slides. The shoulder (deltoids) muscles are highlighted in a soft, inactive red-orange color.","Anatomical 3D model illustration of a highly defined, muscular grey male human figure on a solid pure complete black background. The figure has short cropped hair and is wearing only a tight black athletic boxer shorts. The composition is fully centered, with a wide generous margin on all sides of the figure (top, bottom, left, right) to ensure the character is completely contained inside the frame without touching any edges. High-end, premium fitness application style render. No text, no lines, no labels, no logos. Frontal three-quarter perspective view, at the peak contraction finish phase of wall slides, squeezing the target muscles. The shoulder (deltoids) muscles are highlighted in a bright glowing neon red-orange color showing maximum muscle contraction."
"curl_barra_recta","Curl con barra recta","Bíceps","barra","Anatomical 3D model illustration of a highly defined, muscular grey male human figure on a solid pure complete black background. The figure has short cropped hair and is wearing only a tight black athletic boxer shorts. The composition is fully centered, with a wide generous margin on all sides of the figure (top, bottom, left, right) to ensure the character is completely contained inside the frame without touching any edges. High-end, premium fitness application style render. No text, no lines, no labels, no logos. Frontal three-quarter perspective view, holding a barbell in the starting relaxed stretch phase of curl con barra recta. The biceps brachii muscles are highlighted in a soft, inactive red-orange color.","Anatomical 3D model illustration of a highly defined, muscular grey male human figure on a solid pure complete black background. The figure has short cropped hair and is wearing only a tight black athletic boxer shorts. The composition is fully centered, with a wide generous margin on all sides of the figure (top, bottom, left, right) to ensure the character is completely contained inside the frame without touching any edges. High-end, premium fitness application style render. No text, no lines, no labels, no logos. Frontal three-quarter perspective view, holding a barbell at the peak contraction finish phase of curl con barra recta, squeezing the muscles tightly. The biceps brachii muscles are highlighted in a bright glowing neon red-orange color showing maximum muscle contraction."
"curl_barra_z","Curl con barra Z","Bíceps","barra","Anatomical 3D model illustration of a highly defined, muscular grey male human figure on a solid pure complete black background. The figure has short cropped hair and is wearing only a tight black athletic boxer shorts. The composition is fully centered, with a wide generous margin on all sides of the figure (top, bottom, left, right) to ensure the character is completely contained inside the frame without touching any edges. High-end, premium fitness application style render. No text, no lines, no labels, no logos. Frontal three-quarter perspective view, holding a barbell in the starting relaxed stretch phase of curl con barra z. The biceps brachii muscles are highlighted in a soft, inactive red-orange color.","Anatomical 3D model illustration of a highly defined, muscular grey male human figure on a solid pure complete black background. The figure has short cropped hair and is wearing only a tight black athletic boxer shorts. The composition is fully centered, with a wide generous margin on all sides of the figure (top, bottom, left, right) to ensure the character is completely contained inside the frame without touching any edges. High-end, premium fitness application style render. No text, no lines, no labels, no logos. Frontal three-quarter perspective view, holding a barbell at the peak contraction finish phase of curl con barra z, squeezing the muscles tightly. The biceps brachii muscles are highlighted in a bright glowing neon red-orange color showing maximum muscle contraction."
"curl_mancuernas","Curl con mancuernas","Bíceps","mancuernas","Anatomical 3D model illustration of a highly defined, muscular grey male human figure on a solid pure complete black background. The figure has short cropped hair and is wearing only a tight black athletic boxer shorts. The composition is fully centered, with a wide generous margin on all sides of the figure (top, bottom, left, right) to ensure the character is completely contained inside the frame without touching any edges. High-end, premium fitness application style render. No text, no lines, no labels, no logos. Frontal three-quarter perspective view, holding dumbbells in the starting relaxed stretch phase of curl con mancuernas. The biceps brachii muscles are highlighted in a soft, inactive red-orange color.","Anatomical 3D model illustration of a highly defined, muscular grey male human figure on a solid pure complete black background. The figure has short cropped hair and is wearing only a tight black athletic boxer shorts. The composition is fully centered, with a wide generous margin on all sides of the figure (top, bottom, left, right) to ensure the character is completely contained inside the frame without touching any edges. High-end, premium fitness application style render. No text, no lines, no labels, no logos. Frontal three-quarter perspective view, holding dumbbells at the peak contraction finish phase of curl con mancuernas, squeezing the muscles tightly. The biceps brachii muscles are highlighted in a bright glowing neon red-orange color showing maximum muscle contraction."
"curl_alterno","Curl alterno","Bíceps","mancuernas","Anatomical 3D model illustration of a highly defined, muscular grey male human figure on a solid pure complete black background. The figure has short cropped hair and is wearing only a tight black athletic boxer shorts. The composition is fully centered, with a wide generous margin on all sides of the figure (top, bottom, left, right) to ensure the character is completely contained inside the frame without touching any edges. High-end, premium fitness application style render. No text, no lines, no labels, no logos. Frontal three-quarter perspective view, holding dumbbells in the starting relaxed stretch phase of curl alterno. The biceps brachii muscles are highlighted in a soft, inactive red-orange color.","Anatomical 3D model illustration of a highly defined, muscular grey male human figure on a solid pure complete black background. The figure has short cropped hair and is wearing only a tight black athletic boxer shorts. The composition is fully centered, with a wide generous margin on all sides of the figure (top, bottom, left, right) to ensure the character is completely contained inside the frame without touching any edges. High-end, premium fitness application style render. No text, no lines, no labels, no logos. Frontal three-quarter perspective view, holding dumbbells at the peak contraction finish phase of curl alterno, squeezing the muscles tightly. The biceps brachii muscles are highlighted in a bright glowing neon red-orange color showing maximum muscle contraction."
"curl_inclinado_mancuernas","Curl inclinado con mancuernas","Bíceps","mancuernas","Anatomical 3D model illustration of a highly defined, muscular grey male human figure on a solid pure complete black background. The figure has short cropped hair and is wearing only a tight black athletic boxer shorts. The composition is fully centered, with a wide generous margin on all sides of the figure (top, bottom, left, right) to ensure the character is completely contained inside the frame without touching any edges. High-end, premium fitness application style render. No text, no lines, no labels, no logos. Frontal three-quarter perspective view, holding dumbbells in the starting relaxed stretch phase of curl inclinado con mancuernas. The biceps brachii muscles are highlighted in a soft, inactive red-orange color.","Anatomical 3D model illustration of a highly defined, muscular grey male human figure on a solid pure complete black background. The figure has short cropped hair and is wearing only a tight black athletic boxer shorts. The composition is fully centered, with a wide generous margin on all sides of the figure (top, bottom, left, right) to ensure the character is completely contained inside the frame without touching any edges. High-end, premium fitness application style render. No text, no lines, no labels, no logos. Frontal three-quarter perspective view, holding dumbbells at the peak contraction finish phase of curl inclinado con mancuernas, squeezing the muscles tightly. The biceps brachii muscles are highlighted in a bright glowing neon red-orange color showing maximum muscle contraction."
"curl_predicador","Curl predicador","Bíceps","barra","Anatomical 3D model illustration of a highly defined, muscular grey male human figure on a solid pure complete black background. The figure has short cropped hair and is wearing only a tight black athletic boxer shorts. The composition is fully centered, with a wide generous margin on all sides of the figure (top, bottom, left, right) to ensure the character is completely contained inside the frame without touching any edges. High-end, premium fitness application style render. No text, no lines, no labels, no logos. Frontal three-quarter perspective view, holding a barbell in the starting relaxed stretch phase of curl predicador. The biceps brachii muscles are highlighted in a soft, inactive red-orange color.","Anatomical 3D model illustration of a highly defined, muscular grey male human figure on a solid pure complete black background. The figure has short cropped hair and is wearing only a tight black athletic boxer shorts. The composition is fully centered, with a wide generous margin on all sides of the figure (top, bottom, left, right) to ensure the character is completely contained inside the frame without touching any edges. High-end, premium fitness application style render. No text, no lines, no labels, no logos. Frontal three-quarter perspective view, holding a barbell at the peak contraction finish phase of curl predicador, squeezing the muscles tightly. The biceps brachii muscles are highlighted in a bright glowing neon red-orange color showing maximum muscle contraction."
"curl_polea_baja","Curl en polea baja","Bíceps","poleas","Anatomical 3D model illustration of a highly defined, muscular grey male human figure on a solid pure complete black background. The figure has short cropped hair and is wearing only a tight black athletic boxer shorts. The composition is fully centered, with a wide generous margin on all sides of the figure (top, bottom, left, right) to ensure the character is completely contained inside the frame without touching any edges. High-end, premium fitness application style render. No text, no lines, no labels, no logos. Frontal three-quarter perspective view, holding the cable pulley attachment in the starting relaxed stretch phase of curl en polea baja. The biceps brachii muscles are highlighted in a soft, inactive red-orange color.","Anatomical 3D model illustration of a highly defined, muscular grey male human figure on a solid pure complete black background. The figure has short cropped hair and is wearing only a tight black athletic boxer shorts. The composition is fully centered, with a wide generous margin on all sides of the figure (top, bottom, left, right) to ensure the character is completely contained inside the frame without touching any edges. High-end, premium fitness application style render. No text, no lines, no labels, no logos. Frontal three-quarter perspective view, holding the cable pulley attachment at the peak contraction finish phase of curl en polea baja, squeezing the muscles tightly. The biceps brachii muscles are highlighted in a bright glowing neon red-orange color showing maximum muscle contraction."
"curl_concentrado","Curl concentrado","Bíceps","mancuernas","Anatomical 3D model illustration of a highly defined, muscular grey male human figure on a solid pure complete black background. The figure has short cropped hair and is wearing only a tight black athletic boxer shorts. The composition is fully centered, with a wide generous margin on all sides of the figure (top, bottom, left, right) to ensure the character is completely contained inside the frame without touching any edges. High-end, premium fitness application style render. No text, no lines, no labels, no logos. Frontal three-quarter perspective view, holding dumbbells in the starting relaxed stretch phase of curl concentrado. The biceps brachii muscles are highlighted in a soft, inactive red-orange color.","Anatomical 3D model illustration of a highly defined, muscular grey male human figure on a solid pure complete black background. The figure has short cropped hair and is wearing only a tight black athletic boxer shorts. The composition is fully centered, with a wide generous margin on all sides of the figure (top, bottom, left, right) to ensure the character is completely contained inside the frame without touching any edges. High-end, premium fitness application style render. No text, no lines, no labels, no logos. Frontal three-quarter perspective view, holding dumbbells at the peak contraction finish phase of curl concentrado, squeezing the muscles tightly. The biceps brachii muscles are highlighted in a bright glowing neon red-orange color showing maximum muscle contraction."
"curl_martillo","Curl martillo","Bíceps","mancuernas","Anatomical 3D model illustration of a highly defined, muscular grey male human figure on a solid pure complete black background. The figure has short cropped hair and is wearing only a tight black athletic boxer shorts. The composition is fully centered, with a wide generous margin on all sides of the figure (top, bottom, left, right) to ensure the character is completely contained inside the frame without touching any edges. High-end, premium fitness application style render. No text, no lines, no labels, no logos. Frontal three-quarter perspective view, holding dumbbells in the starting relaxed stretch phase of curl martillo. The biceps brachii muscles are highlighted in a soft, inactive red-orange color.","Anatomical 3D model illustration of a highly defined, muscular grey male human figure on a solid pure complete black background. The figure has short cropped hair and is wearing only a tight black athletic boxer shorts. The composition is fully centered, with a wide generous margin on all sides of the figure (top, bottom, left, right) to ensure the character is completely contained inside the frame without touching any edges. High-end, premium fitness application style render. No text, no lines, no labels, no logos. Frontal three-quarter perspective view, holding dumbbells at the peak contraction finish phase of curl martillo, squeezing the muscles tightly. The biceps brachii muscles are highlighted in a bright glowing neon red-orange color showing maximum muscle contraction."
"curl_inverso_barra_z","Curl inverso con barra Z","Bíceps","barra","Anatomical 3D model illustration of a highly defined, muscular grey male human figure on a solid pure complete black background. The figure has short cropped hair and is wearing only a tight black athletic boxer shorts. The composition is fully centered, with a wide generous margin on all sides of the figure (top, bottom, left, right) to ensure the character is completely contained inside the frame without touching any edges. High-end, premium fitness application style render. No text, no lines, no labels, no logos. Frontal three-quarter perspective view, holding a barbell in the starting relaxed stretch phase of curl inverso con barra z. The biceps brachii muscles are highlighted in a soft, inactive red-orange color.","Anatomical 3D model illustration of a highly defined, muscular grey male human figure on a solid pure complete black background. The figure has short cropped hair and is wearing only a tight black athletic boxer shorts. The composition is fully centered, with a wide generous margin on all sides of the figure (top, bottom, left, right) to ensure the character is completely contained inside the frame without touching any edges. High-end, premium fitness application style render. No text, no lines, no labels, no logos. Frontal three-quarter perspective view, holding a barbell at the peak contraction finish phase of curl inverso con barra z, squeezing the muscles tightly. The biceps brachii muscles are highlighted in a bright glowing neon red-orange color showing maximum muscle contraction."
"curl_zottman","Curl Zottman","Bíceps","mancuernas","Anatomical 3D model illustration of a highly defined, muscular grey male human figure on a solid pure complete black background. The figure has short cropped hair and is wearing only a tight black athletic boxer shorts. The composition is fully centered, with a wide generous margin on all sides of the figure (top, bottom, left, right) to ensure the character is completely contained inside the frame without touching any edges. High-end, premium fitness application style render. No text, no lines, no labels, no logos. Frontal three-quarter perspective view, holding dumbbells in the starting relaxed stretch phase of curl zottman. The biceps brachii muscles are highlighted in a soft, inactive red-orange color.","Anatomical 3D model illustration of a highly defined, muscular grey male human figure on a solid pure complete black background. The figure has short cropped hair and is wearing only a tight black athletic boxer shorts. The composition is fully centered, with a wide generous margin on all sides of the figure (top, bottom, left, right) to ensure the character is completely contained inside the frame without touching any edges. High-end, premium fitness application style render. No text, no lines, no labels, no logos. Frontal three-quarter perspective view, holding dumbbells at the peak contraction finish phase of curl zottman, squeezing the muscles tightly. The biceps brachii muscles are highlighted in a bright glowing neon red-orange color showing maximum muscle contraction."
"chin_ups","Chin-ups / dominada supina","Bíceps","peso_corporal","Anatomical 3D model illustration of a highly defined, muscular grey male human figure on a solid pure complete black background. The figure has short cropped hair and is wearing only a tight black athletic boxer shorts. The composition is fully centered, with a wide generous margin on all sides of the figure (top, bottom, left, right) to ensure the character is completely contained inside the frame without touching any edges. High-end, premium fitness application style render. No text, no lines, no labels, no logos. Frontal three-quarter perspective view, in the starting relaxed stretch phase of chin-ups / dominada supina. The biceps brachii muscles are highlighted in a soft, inactive red-orange color.","Anatomical 3D model illustration of a highly defined, muscular grey male human figure on a solid pure complete black background. The figure has short cropped hair and is wearing only a tight black athletic boxer shorts. The composition is fully centered, with a wide generous margin on all sides of the figure (top, bottom, left, right) to ensure the character is completely contained inside the frame without touching any edges. High-end, premium fitness application style render. No text, no lines, no labels, no logos. Frontal three-quarter perspective view, at the peak contraction finish phase of chin-ups / dominada supina, squeezing the target muscles. The biceps brachii muscles are highlighted in a bright glowing neon red-orange color showing maximum muscle contraction."
"pushdown_polea_cuerda","Pushdown en polea con cuerda","Tríceps","poleas","Anatomical 3D model illustration of a highly defined, muscular grey male human figure on a solid pure complete black background. The figure has short cropped hair and is wearing only a tight black athletic boxer shorts. The composition is fully centered, with a wide generous margin on all sides of the figure (top, bottom, left, right) to ensure the character is completely contained inside the frame without touching any edges. High-end, premium fitness application style render. No text, no lines, no labels, no logos. Frontal three-quarter perspective view, holding the cable pulley attachment in the starting relaxed stretch phase of pushdown en polea con cuerda. The triceps brachii muscles are highlighted in a soft, inactive red-orange color.","Anatomical 3D model illustration of a highly defined, muscular grey male human figure on a solid pure complete black background. The figure has short cropped hair and is wearing only a tight black athletic boxer shorts. The composition is fully centered, with a wide generous margin on all sides of the figure (top, bottom, left, right) to ensure the character is completely contained inside the frame without touching any edges. High-end, premium fitness application style render. No text, no lines, no labels, no logos. Frontal three-quarter perspective view, holding the cable pulley attachment at the peak contraction finish phase of pushdown en polea con cuerda, squeezing the muscles tightly. The triceps brachii muscles are highlighted in a bright glowing neon red-orange color showing maximum muscle contraction."
"pushdown_barra_recta","Pushdown con barra recta","Tríceps","poleas","Anatomical 3D model illustration of a highly defined, muscular grey male human figure on a solid pure complete black background. The figure has short cropped hair and is wearing only a tight black athletic boxer shorts. The composition is fully centered, with a wide generous margin on all sides of the figure (top, bottom, left, right) to ensure the character is completely contained inside the frame without touching any edges. High-end, premium fitness application style render. No text, no lines, no labels, no logos. Frontal three-quarter perspective view, holding the cable pulley attachment in the starting relaxed stretch phase of pushdown con barra recta. The triceps brachii muscles are highlighted in a soft, inactive red-orange color.","Anatomical 3D model illustration of a highly defined, muscular grey male human figure on a solid pure complete black background. The figure has short cropped hair and is wearing only a tight black athletic boxer shorts. The composition is fully centered, with a wide generous margin on all sides of the figure (top, bottom, left, right) to ensure the character is completely contained inside the frame without touching any edges. High-end, premium fitness application style render. No text, no lines, no labels, no logos. Frontal three-quarter perspective view, holding the cable pulley attachment at the peak contraction finish phase of pushdown con barra recta, squeezing the muscles tightly. The triceps brachii muscles are highlighted in a bright glowing neon red-orange color showing maximum muscle contraction."
"extension_cabeza_mancuerna","Extensión por encima de la cabeza con mancuerna","Tríceps","mancuernas","Anatomical 3D model illustration of a highly defined, muscular grey male human figure on a solid pure complete black background. The figure has short cropped hair and is wearing only a tight black athletic boxer shorts. The composition is fully centered, with a wide generous margin on all sides of the figure (top, bottom, left, right) to ensure the character is completely contained inside the frame without touching any edges. High-end, premium fitness application style render. No text, no lines, no labels, no logos. Frontal three-quarter perspective view, holding dumbbells in the starting relaxed stretch phase of extensión por encima de la cabeza con mancuerna. The triceps brachii muscles are highlighted in a soft, inactive red-orange color.","Anatomical 3D model illustration of a highly defined, muscular grey male human figure on a solid pure complete black background. The figure has short cropped hair and is wearing only a tight black athletic boxer shorts. The composition is fully centered, with a wide generous margin on all sides of the figure (top, bottom, left, right) to ensure the character is completely contained inside the frame without touching any edges. High-end, premium fitness application style render. No text, no lines, no labels, no logos. Frontal three-quarter perspective view, holding dumbbells at the peak contraction finish phase of extensión por encima de la cabeza con mancuerna, squeezing the muscles tightly. The triceps brachii muscles are highlighted in a bright glowing neon red-orange color showing maximum muscle contraction."
"extension_overhead_polea","Extensión overhead en polea","Tríceps","poleas","Anatomical 3D model illustration of a highly defined, muscular grey male human figure on a solid pure complete black background. The figure has short cropped hair and is wearing only a tight black athletic boxer shorts. The composition is fully centered, with a wide generous margin on all sides of the figure (top, bottom, left, right) to ensure the character is completely contained inside the frame without touching any edges. High-end, premium fitness application style render. No text, no lines, no labels, no logos. Frontal three-quarter perspective view, holding the cable pulley attachment in the starting relaxed stretch phase of extensión overhead en polea. The triceps brachii muscles are highlighted in a soft, inactive red-orange color.","Anatomical 3D model illustration of a highly defined, muscular grey male human figure on a solid pure complete black background. The figure has short cropped hair and is wearing only a tight black athletic boxer shorts. The composition is fully centered, with a wide generous margin on all sides of the figure (top, bottom, left, right) to ensure the character is completely contained inside the frame without touching any edges. High-end, premium fitness application style render. No text, no lines, no labels, no logos. Frontal three-quarter perspective view, holding the cable pulley attachment at the peak contraction finish phase of extensión overhead en polea, squeezing the muscles tightly. The triceps brachii muscles are highlighted in a bright glowing neon red-orange color showing maximum muscle contraction."
"skull_crushers","Skull crushers","Tríceps","barra","Anatomical 3D model illustration of a highly defined, muscular grey male human figure on a solid pure complete black background. The figure has short cropped hair and is wearing only a tight black athletic boxer shorts. The composition is fully centered, with a wide generous margin on all sides of the figure (top, bottom, left, right) to ensure the character is completely contained inside the frame without touching any edges. High-end, premium fitness application style render. No text, no lines, no labels, no logos. Frontal three-quarter perspective view, holding a barbell in the starting relaxed stretch phase of skull crushers. The triceps brachii muscles are highlighted in a soft, inactive red-orange color.","Anatomical 3D model illustration of a highly defined, muscular grey male human figure on a solid pure complete black background. The figure has short cropped hair and is wearing only a tight black athletic boxer shorts. The composition is fully centered, with a wide generous margin on all sides of the figure (top, bottom, left, right) to ensure the character is completely contained inside the frame without touching any edges. High-end, premium fitness application style render. No text, no lines, no labels, no logos. Frontal three-quarter perspective view, holding a barbell at the peak contraction finish phase of skull crushers, squeezing the muscles tightly. The triceps brachii muscles are highlighted in a bright glowing neon red-orange color showing maximum muscle contraction."
"press_cerrado_barra","Press cerrado con barra","Tríceps","barra","Anatomical 3D model illustration of a highly defined, muscular grey male human figure on a solid pure complete black background. The figure has short cropped hair and is wearing only a tight black athletic boxer shorts. The composition is fully centered, with a wide generous margin on all sides of the figure (top, bottom, left, right) to ensure the character is completely contained inside the frame without touching any edges. High-end, premium fitness application style render. No text, no lines, no labels, no logos. Frontal three-quarter perspective view, holding a barbell in the starting relaxed stretch phase of press cerrado con barra. The triceps brachii muscles are highlighted in a soft, inactive red-orange color.","Anatomical 3D model illustration of a highly defined, muscular grey male human figure on a solid pure complete black background. The figure has short cropped hair and is wearing only a tight black athletic boxer shorts. The composition is fully centered, with a wide generous margin on all sides of the figure (top, bottom, left, right) to ensure the character is completely contained inside the frame without touching any edges. High-end, premium fitness application style render. No text, no lines, no labels, no logos. Frontal three-quarter perspective view, holding a barbell at the peak contraction finish phase of press cerrado con barra, squeezing the muscles tightly. The triceps brachii muscles are highlighted in a bright glowing neon red-orange color showing maximum muscle contraction."
"fondos_paralelas","Fondos en paralelas","Tríceps","peso_corporal","Anatomical 3D model illustration of a highly defined, muscular grey male human figure on a solid pure complete black background. The figure has short cropped hair and is wearing only a tight black athletic boxer shorts. The composition is fully centered, with a wide generous margin on all sides of the figure (top, bottom, left, right) to ensure the character is completely contained inside the frame without touching any edges. High-end, premium fitness application style render. No text, no lines, no labels, no logos. Frontal three-quarter perspective view, in the starting relaxed stretch phase of fondos en paralelas. The triceps brachii muscles are highlighted in a soft, inactive red-orange color.","Anatomical 3D model illustration of a highly defined, muscular grey male human figure on a solid pure complete black background. The figure has short cropped hair and is wearing only a tight black athletic boxer shorts. The composition is fully centered, with a wide generous margin on all sides of the figure (top, bottom, left, right) to ensure the character is completely contained inside the frame without touching any edges. High-end, premium fitness application style render. No text, no lines, no labels, no logos. Frontal three-quarter perspective view, at the peak contraction finish phase of fondos en paralelas, squeezing the target muscles. The triceps brachii muscles are highlighted in a bright glowing neon red-orange color showing maximum muscle contraction."
"fondos_banco","Fondos en banco","Tríceps","peso_corporal","Anatomical 3D model illustration of a highly defined, muscular grey male human figure on a solid pure complete black background. The figure has short cropped hair and is wearing only a tight black athletic boxer shorts. The composition is fully centered, with a wide generous margin on all sides of the figure (top, bottom, left, right) to ensure the character is completely contained inside the frame without touching any edges. High-end, premium fitness application style render. No text, no lines, no labels, no logos. Frontal three-quarter perspective view, in the starting relaxed stretch phase of fondos en banco. The triceps brachii muscles are highlighted in a soft, inactive red-orange color.","Anatomical 3D model illustration of a highly defined, muscular grey male human figure on a solid pure complete black background. The figure has short cropped hair and is wearing only a tight black athletic boxer shorts. The composition is fully centered, with a wide generous margin on all sides of the figure (top, bottom, left, right) to ensure the character is completely contained inside the frame without touching any edges. High-end, premium fitness application style render. No text, no lines, no labels, no logos. Frontal three-quarter perspective view, at the peak contraction finish phase of fondos en banco, squeezing the target muscles. The triceps brachii muscles are highlighted in a bright glowing neon red-orange color showing maximum muscle contraction."
"flexiones_diamante","Flexiones diamante","Tríceps","peso_corporal","Anatomical 3D model illustration of a highly defined, muscular grey male human figure on a solid pure complete black background. The figure has short cropped hair and is wearing only a tight black athletic boxer shorts. The composition is fully centered, with a wide generous margin on all sides of the figure (top, bottom, left, right) to ensure the character is completely contained inside the frame without touching any edges. High-end, premium fitness application style render. No text, no lines, no labels, no logos. Frontal three-quarter perspective view, in the starting relaxed stretch phase of flexiones diamante. The triceps brachii muscles are highlighted in a soft, inactive red-orange color.","Anatomical 3D model illustration of a highly defined, muscular grey male human figure on a solid pure complete black background. The figure has short cropped hair and is wearing only a tight black athletic boxer shorts. The composition is fully centered, with a wide generous margin on all sides of the figure (top, bottom, left, right) to ensure the character is completely contained inside the frame without touching any edges. High-end, premium fitness application style render. No text, no lines, no labels, no logos. Frontal three-quarter perspective view, at the peak contraction finish phase of flexiones diamante, squeezing the target muscles. The triceps brachii muscles are highlighted in a bright glowing neon red-orange color showing maximum muscle contraction."
"patada_triceps_mancuerna","Patada de tríceps con mancuerna","Tríceps","mancuernas","Anatomical 3D model illustration of a highly defined, muscular grey male human figure on a solid pure complete black background. The figure has short cropped hair and is wearing only a tight black athletic boxer shorts. The composition is fully centered, with a wide generous margin on all sides of the figure (top, bottom, left, right) to ensure the character is completely contained inside the frame without touching any edges. High-end, premium fitness application style render. No text, no lines, no labels, no logos. Frontal three-quarter perspective view, holding dumbbells in the starting relaxed stretch phase of patada de tríceps con mancuerna. The triceps brachii muscles are highlighted in a soft, inactive red-orange color.","Anatomical 3D model illustration of a highly defined, muscular grey male human figure on a solid pure complete black background. The figure has short cropped hair and is wearing only a tight black athletic boxer shorts. The composition is fully centered, with a wide generous margin on all sides of the figure (top, bottom, left, right) to ensure the character is completely contained inside the frame without touching any edges. High-end, premium fitness application style render. No text, no lines, no labels, no logos. Frontal three-quarter perspective view, holding dumbbells at the peak contraction finish phase of patada de tríceps con mancuerna, squeezing the muscles tightly. The triceps brachii muscles are highlighted in a bright glowing neon red-orange color showing maximum muscle contraction."
"curl_muneca_barra","Curl de muñeca con barra","Antebrazos","barra","Anatomical 3D model illustration of a highly defined, muscular grey male human figure on a solid pure complete black background. The figure has short cropped hair and is wearing only a tight black athletic boxer shorts. The composition is fully centered, with a wide generous margin on all sides of the figure (top, bottom, left, right) to ensure the character is completely contained inside the frame without touching any edges. High-end, premium fitness application style render. No text, no lines, no labels, no logos. Frontal three-quarter perspective view, holding a barbell in the starting relaxed stretch phase of curl de muñeca con barra. The antebrazos muscles are highlighted in a soft, inactive red-orange color.","Anatomical 3D model illustration of a highly defined, muscular grey male human figure on a solid pure complete black background. The figure has short cropped hair and is wearing only a tight black athletic boxer shorts. The composition is fully centered, with a wide generous margin on all sides of the figure (top, bottom, left, right) to ensure the character is completely contained inside the frame without touching any edges. High-end, premium fitness application style render. No text, no lines, no labels, no logos. Frontal three-quarter perspective view, holding a barbell at the peak contraction finish phase of curl de muñeca con barra, squeezing the muscles tightly. The antebrazos muscles are highlighted in a bright glowing neon red-orange color showing maximum muscle contraction."
"curl_inverso_muneca","Curl inverso de muñeca","Antebrazos","barra","Anatomical 3D model illustration of a highly defined, muscular grey male human figure on a solid pure complete black background. The figure has short cropped hair and is wearing only a tight black athletic boxer shorts. The composition is fully centered, with a wide generous margin on all sides of the figure (top, bottom, left, right) to ensure the character is completely contained inside the frame without touching any edges. High-end, premium fitness application style render. No text, no lines, no labels, no logos. Frontal three-quarter perspective view, holding a barbell in the starting relaxed stretch phase of curl inverso de muñeca. The antebrazos muscles are highlighted in a soft, inactive red-orange color.","Anatomical 3D model illustration of a highly defined, muscular grey male human figure on a solid pure complete black background. The figure has short cropped hair and is wearing only a tight black athletic boxer shorts. The composition is fully centered, with a wide generous margin on all sides of the figure (top, bottom, left, right) to ensure the character is completely contained inside the frame without touching any edges. High-end, premium fitness application style render. No text, no lines, no labels, no logos. Frontal three-quarter perspective view, holding a barbell at the peak contraction finish phase of curl inverso de muñeca, squeezing the muscles tightly. The antebrazos muscles are highlighted in a bright glowing neon red-orange color showing maximum muscle contraction."
"curl_inverso_barra_z_antebrazo","Curl inverso con barra Z","Antebrazos","barra","Anatomical 3D model illustration of a highly defined, muscular grey male human figure on a solid pure complete black background. The figure has short cropped hair and is wearing only a tight black athletic boxer shorts. The composition is fully centered, with a wide generous margin on all sides of the figure (top, bottom, left, right) to ensure the character is completely contained inside the frame without touching any edges. High-end, premium fitness application style render. No text, no lines, no labels, no logos. Frontal three-quarter perspective view, holding a barbell in the starting relaxed stretch phase of curl inverso con barra z. The antebrazos muscles are highlighted in a soft, inactive red-orange color.","Anatomical 3D model illustration of a highly defined, muscular grey male human figure on a solid pure complete black background. The figure has short cropped hair and is wearing only a tight black athletic boxer shorts. The composition is fully centered, with a wide generous margin on all sides of the figure (top, bottom, left, right) to ensure the character is completely contained inside the frame without touching any edges. High-end, premium fitness application style render. No text, no lines, no labels, no logos. Frontal three-quarter perspective view, holding a barbell at the peak contraction finish phase of curl inverso con barra z, squeezing the muscles tightly. The antebrazos muscles are highlighted in a bright glowing neon red-orange color showing maximum muscle contraction."
"farmer_walk","Farmer walk","Antebrazos","mancuernas","Anatomical 3D model illustration of a highly defined, muscular grey male human figure on a solid pure complete black background. The figure has short cropped hair and is wearing only a tight black athletic boxer shorts. The composition is fully centered, with a wide generous margin on all sides of the figure (top, bottom, left, right) to ensure the character is completely contained inside the frame without touching any edges. High-end, premium fitness application style render. No text, no lines, no labels, no logos. Frontal three-quarter perspective view, holding dumbbells in the starting relaxed stretch phase of farmer walk. The antebrazos muscles are highlighted in a soft, inactive red-orange color.","Anatomical 3D model illustration of a highly defined, muscular grey male human figure on a solid pure complete black background. The figure has short cropped hair and is wearing only a tight black athletic boxer shorts. The composition is fully centered, with a wide generous margin on all sides of the figure (top, bottom, left, right) to ensure the character is completely contained inside the frame without touching any edges. High-end, premium fitness application style render. No text, no lines, no labels, no logos. Frontal three-quarter perspective view, holding dumbbells at the peak contraction finish phase of farmer walk, squeezing the muscles tightly. The antebrazos muscles are highlighted in a bright glowing neon red-orange color showing maximum muscle contraction."
"dead_hang","Dead hang","Antebrazos","peso_corporal","Anatomical 3D model illustration of a highly defined, muscular grey male human figure on a solid pure complete black background. The figure has short cropped hair and is wearing only a tight black athletic boxer shorts. The composition is fully centered, with a wide generous margin on all sides of the figure (top, bottom, left, right) to ensure the character is completely contained inside the frame without touching any edges. High-end, premium fitness application style render. No text, no lines, no labels, no logos. Frontal three-quarter perspective view, in the starting relaxed stretch phase of dead hang. The antebrazos muscles are highlighted in a soft, inactive red-orange color.","Anatomical 3D model illustration of a highly defined, muscular grey male human figure on a solid pure complete black background. The figure has short cropped hair and is wearing only a tight black athletic boxer shorts. The composition is fully centered, with a wide generous margin on all sides of the figure (top, bottom, left, right) to ensure the character is completely contained inside the frame without touching any edges. High-end, premium fitness application style render. No text, no lines, no labels, no logos. Frontal three-quarter perspective view, at the peak contraction finish phase of dead hang, squeezing the target muscles. The antebrazos muscles are highlighted in a bright glowing neon red-orange color showing maximum muscle contraction."
"plate_pinch","Plate pinch","Antebrazos","mancuernas","Anatomical 3D model illustration of a highly defined, muscular grey male human figure on a solid pure complete black background. The figure has short cropped hair and is wearing only a tight black athletic boxer shorts. The composition is fully centered, with a wide generous margin on all sides of the figure (top, bottom, left, right) to ensure the character is completely contained inside the frame without touching any edges. High-end, premium fitness application style render. No text, no lines, no labels, no logos. Frontal three-quarter perspective view, holding dumbbells in the starting relaxed stretch phase of plate pinch. The antebrazos muscles are highlighted in a soft, inactive red-orange color.","Anatomical 3D model illustration of a highly defined, muscular grey male human figure on a solid pure complete black background. The figure has short cropped hair and is wearing only a tight black athletic boxer shorts. The composition is fully centered, with a wide generous margin on all sides of the figure (top, bottom, left, right) to ensure the character is completely contained inside the frame without touching any edges. High-end, premium fitness application style render. No text, no lines, no labels, no logos. Frontal three-quarter perspective view, holding dumbbells at the peak contraction finish phase of plate pinch, squeezing the muscles tightly. The antebrazos muscles are highlighted in a bright glowing neon red-orange color showing maximum muscle contraction."
"wrist_roller","Wrist roller","Antebrazos","barra","Anatomical 3D model illustration of a highly defined, muscular grey male human figure on a solid pure complete black background. The figure has short cropped hair and is wearing only a tight black athletic boxer shorts. The composition is fully centered, with a wide generous margin on all sides of the figure (top, bottom, left, right) to ensure the character is completely contained inside the frame without touching any edges. High-end, premium fitness application style render. No text, no lines, no labels, no logos. Frontal three-quarter perspective view, holding a barbell in the starting relaxed stretch phase of wrist roller. The antebrazos muscles are highlighted in a soft, inactive red-orange color.","Anatomical 3D model illustration of a highly defined, muscular grey male human figure on a solid pure complete black background. The figure has short cropped hair and is wearing only a tight black athletic boxer shorts. The composition is fully centered, with a wide generous margin on all sides of the figure (top, bottom, left, right) to ensure the character is completely contained inside the frame without touching any edges. High-end, premium fitness application style render. No text, no lines, no labels, no logos. Frontal three-quarter perspective view, holding a barbell at the peak contraction finish phase of wrist roller, squeezing the muscles tightly. The antebrazos muscles are highlighted in a bright glowing neon red-orange color showing maximum muscle contraction."
"curl_martillo_antebrazo","Curl martillo","Antebrazos","mancuernas","Anatomical 3D model illustration of a highly defined, muscular grey male human figure on a solid pure complete black background. The figure has short cropped hair and is wearing only a tight black athletic boxer shorts. The composition is fully centered, with a wide generous margin on all sides of the figure (top, bottom, left, right) to ensure the character is completely contained inside the frame without touching any edges. High-end, premium fitness application style render. No text, no lines, no labels, no logos. Frontal three-quarter perspective view, holding dumbbells in the starting relaxed stretch phase of curl martillo. The antebrazos muscles are highlighted in a soft, inactive red-orange color.","Anatomical 3D model illustration of a highly defined, muscular grey male human figure on a solid pure complete black background. The figure has short cropped hair and is wearing only a tight black athletic boxer shorts. The composition is fully centered, with a wide generous margin on all sides of the figure (top, bottom, left, right) to ensure the character is completely contained inside the frame without touching any edges. High-end, premium fitness application style render. No text, no lines, no labels, no logos. Frontal three-quarter perspective view, holding dumbbells at the peak contraction finish phase of curl martillo, squeezing the muscles tightly. The antebrazos muscles are highlighted in a bright glowing neon red-orange color showing maximum muscle contraction."
"zottman_curl_antebrazo","Zottman curl","Antebrazos","mancuernas","Anatomical 3D model illustration of a highly defined, muscular grey male human figure on a solid pure complete black background. The figure has short cropped hair and is wearing only a tight black athletic boxer shorts. The composition is fully centered, with a wide generous margin on all sides of the figure (top, bottom, left, right) to ensure the character is completely contained inside the frame without touching any edges. High-end, premium fitness application style render. No text, no lines, no labels, no logos. Frontal three-quarter perspective view, holding dumbbells in the starting relaxed stretch phase of zottman curl. The antebrazos muscles are highlighted in a soft, inactive red-orange color.","Anatomical 3D model illustration of a highly defined, muscular grey male human figure on a solid pure complete black background. The figure has short cropped hair and is wearing only a tight black athletic boxer shorts. The composition is fully centered, with a wide generous margin on all sides of the figure (top, bottom, left, right) to ensure the character is completely contained inside the frame without touching any edges. High-end, premium fitness application style render. No text, no lines, no labels, no logos. Frontal three-quarter perspective view, holding dumbbells at the peak contraction finish phase of zottman curl, squeezing the muscles tightly. The antebrazos muscles are highlighted in a bright glowing neon red-orange color showing maximum muscle contraction."
"hold_peso_muerto","Hold de peso muerto","Antebrazos","barra","Anatomical 3D model illustration of a highly defined, muscular grey male human figure on a solid pure complete black background. The figure has short cropped hair and is wearing only a tight black athletic boxer shorts. The composition is fully centered, with a wide generous margin on all sides of the figure (top, bottom, left, right) to ensure the character is completely contained inside the frame without touching any edges. High-end, premium fitness application style render. No text, no lines, no labels, no logos. Frontal three-quarter perspective view, holding a barbell in the starting relaxed stretch phase of hold de peso muerto. The antebrazos muscles are highlighted in a soft, inactive red-orange color.","Anatomical 3D model illustration of a highly defined, muscular grey male human figure on a solid pure complete black background. The figure has short cropped hair and is wearing only a tight black athletic boxer shorts. The composition is fully centered, with a wide generous margin on all sides of the figure (top, bottom, left, right) to ensure the character is completely contained inside the frame without touching any edges. High-end, premium fitness application style render. No text, no lines, no labels, no logos. Frontal three-quarter perspective view, holding a barbell at the peak contraction finish phase of hold de peso muerto, squeezing the muscles tightly. The antebrazos muscles are highlighted in a bright glowing neon red-orange color showing maximum muscle contraction."
"crunch_suelo","Crunch en suelo","Abdomen/Core","peso_corporal","Anatomical 3D model illustration of a highly defined, muscular grey male human figure on a solid pure complete black background. The figure has short cropped hair and is wearing only a tight black athletic boxer shorts. The composition is fully centered, with a wide generous margin on all sides of the figure (top, bottom, left, right) to ensure the character is completely contained inside the frame without touching any edges. High-end, premium fitness application style render. No text, no lines, no labels, no logos. Profile lateral view, in the starting relaxed stretch phase of crunch en suelo. The rectus abdominis (core) muscles are highlighted in a soft, inactive red-orange color.","Anatomical 3D model illustration of a highly defined, muscular grey male human figure on a solid pure complete black background. The figure has short cropped hair and is wearing only a tight black athletic boxer shorts. The composition is fully centered, with a wide generous margin on all sides of the figure (top, bottom, left, right) to ensure the character is completely contained inside the frame without touching any edges. High-end, premium fitness application style render. No text, no lines, no labels, no logos. Profile lateral view, at the peak contraction finish phase of crunch en suelo, squeezing the target muscles. The rectus abdominis (core) muscles are highlighted in a bright glowing neon red-orange color showing maximum muscle contraction."
"crunch_maquina","Crunch en máquina","Abdomen/Core","maquina","Anatomical 3D model illustration of a highly defined, muscular grey male human figure on a solid pure complete black background. The figure has short cropped hair and is wearing only a tight black athletic boxer shorts. The composition is fully centered, with a wide generous margin on all sides of the figure (top, bottom, left, right) to ensure the character is completely contained inside the frame without touching any edges. High-end, premium fitness application style render. No text, no lines, no labels, no logos. Profile lateral view, seated or positioned in a exercise machine, in the starting relaxed stretch phase of crunch en máquina. The rectus abdominis (core) muscles are highlighted in a soft, inactive red-orange color.","Anatomical 3D model illustration of a highly defined, muscular grey male human figure on a solid pure complete black background. The figure has short cropped hair and is wearing only a tight black athletic boxer shorts. The composition is fully centered, with a wide generous margin on all sides of the figure (top, bottom, left, right) to ensure the character is completely contained inside the frame without touching any edges. High-end, premium fitness application style render. No text, no lines, no labels, no logos. Profile lateral view, positioned in a exercise machine at the peak contraction finish phase of crunch en máquina, squeezing the target muscles. The rectus abdominis (core) muscles are highlighted in a bright glowing neon red-orange color showing maximum muscle contraction."
"crunch_polea_alta","Crunch en polea alta","Abdomen/Core","poleas","Anatomical 3D model illustration of a highly defined, muscular grey male human figure on a solid pure complete black background. The figure has short cropped hair and is wearing only a tight black athletic boxer shorts. The composition is fully centered, with a wide generous margin on all sides of the figure (top, bottom, left, right) to ensure the character is completely contained inside the frame without touching any edges. High-end, premium fitness application style render. No text, no lines, no labels, no logos. Profile lateral view, holding the cable pulley attachment in the starting relaxed stretch phase of crunch en polea alta. The rectus abdominis (core) muscles are highlighted in a soft, inactive red-orange color.","Anatomical 3D model illustration of a highly defined, muscular grey male human figure on a solid pure complete black background. The figure has short cropped hair and is wearing only a tight black athletic boxer shorts. The composition is fully centered, with a wide generous margin on all sides of the figure (top, bottom, left, right) to ensure the character is completely contained inside the frame without touching any edges. High-end, premium fitness application style render. No text, no lines, no labels, no logos. Profile lateral view, holding the cable pulley attachment at the peak contraction finish phase of crunch en polea alta, squeezing the muscles tightly. The rectus abdominis (core) muscles are highlighted in a bright glowing neon red-orange color showing maximum muscle contraction."
"reverse_crunch","Reverse crunch","Abdomen/Core","peso_corporal","Anatomical 3D model illustration of a highly defined, muscular grey male human figure on a solid pure complete black background. The figure has short cropped hair and is wearing only a tight black athletic boxer shorts. The composition is fully centered, with a wide generous margin on all sides of the figure (top, bottom, left, right) to ensure the character is completely contained inside the frame without touching any edges. High-end, premium fitness application style render. No text, no lines, no labels, no logos. Profile lateral view, in the starting relaxed stretch phase of reverse crunch. The rectus abdominis (core) muscles are highlighted in a soft, inactive red-orange color.","Anatomical 3D model illustration of a highly defined, muscular grey male human figure on a solid pure complete black background. The figure has short cropped hair and is wearing only a tight black athletic boxer shorts. The composition is fully centered, with a wide generous margin on all sides of the figure (top, bottom, left, right) to ensure the character is completely contained inside the frame without touching any edges. High-end, premium fitness application style render. No text, no lines, no labels, no logos. Profile lateral view, at the peak contraction finish phase of reverse crunch, squeezing the target muscles. The rectus abdominis (core) muscles are highlighted in a bright glowing neon red-orange color showing maximum muscle contraction."
"elevacion_piernas_acostado","Elevación de piernas acostado","Abdomen/Core","peso_corporal","Anatomical 3D model illustration of a highly defined, muscular grey male human figure on a solid pure complete black background. The figure has short cropped hair and is wearing only a tight black athletic boxer shorts. The composition is fully centered, with a wide generous margin on all sides of the figure (top, bottom, left, right) to ensure the character is completely contained inside the frame without touching any edges. High-end, premium fitness application style render. No text, no lines, no labels, no logos. Frontal three-quarter perspective view, in the starting relaxed stretch phase of elevación de piernas acostado. The rectus abdominis (core) muscles are highlighted in a soft, inactive red-orange color.","Anatomical 3D model illustration of a highly defined, muscular grey male human figure on a solid pure complete black background. The figure has short cropped hair and is wearing only a tight black athletic boxer shorts. The composition is fully centered, with a wide generous margin on all sides of the figure (top, bottom, left, right) to ensure the character is completely contained inside the frame without touching any edges. High-end, premium fitness application style render. No text, no lines, no labels, no logos. Frontal three-quarter perspective view, at the peak contraction finish phase of elevación de piernas acostado, squeezing the target muscles. The rectus abdominis (core) muscles are highlighted in a bright glowing neon red-orange color showing maximum muscle contraction."
"elevacion_rodillas_colgado","Elevación de rodillas colgado","Abdomen/Core","peso_corporal","Anatomical 3D model illustration of a highly defined, muscular grey male human figure on a solid pure complete black background. The figure has short cropped hair and is wearing only a tight black athletic boxer shorts. The composition is fully centered, with a wide generous margin on all sides of the figure (top, bottom, left, right) to ensure the character is completely contained inside the frame without touching any edges. High-end, premium fitness application style render. No text, no lines, no labels, no logos. Frontal three-quarter perspective view, in the starting relaxed stretch phase of elevación de rodillas colgado. The rectus abdominis (core) muscles are highlighted in a soft, inactive red-orange color.","Anatomical 3D model illustration of a highly defined, muscular grey male human figure on a solid pure complete black background. The figure has short cropped hair and is wearing only a tight black athletic boxer shorts. The composition is fully centered, with a wide generous margin on all sides of the figure (top, bottom, left, right) to ensure the character is completely contained inside the frame without touching any edges. High-end, premium fitness application style render. No text, no lines, no labels, no logos. Frontal three-quarter perspective view, at the peak contraction finish phase of elevación de rodillas colgado, squeezing the target muscles. The rectus abdominis (core) muscles are highlighted in a bright glowing neon red-orange color showing maximum muscle contraction."
"russian_twist","Russian twist","Abdomen/Core","peso_corporal","Anatomical 3D model illustration of a highly defined, muscular grey male human figure on a solid pure complete black background. The figure has short cropped hair and is wearing only a tight black athletic boxer shorts. The composition is fully centered, with a wide generous margin on all sides of the figure (top, bottom, left, right) to ensure the character is completely contained inside the frame without touching any edges. High-end, premium fitness application style render. No text, no lines, no labels, no logos. Frontal three-quarter perspective view, in the starting relaxed stretch phase of russian twist. The rectus abdominis (core) muscles are highlighted in a soft, inactive red-orange color.","Anatomical 3D model illustration of a highly defined, muscular grey male human figure on a solid pure complete black background. The figure has short cropped hair and is wearing only a tight black athletic boxer shorts. The composition is fully centered, with a wide generous margin on all sides of the figure (top, bottom, left, right) to ensure the character is completely contained inside the frame without touching any edges. High-end, premium fitness application style render. No text, no lines, no labels, no logos. Frontal three-quarter perspective view, at the peak contraction finish phase of russian twist, squeezing the target muscles. The rectus abdominis (core) muscles are highlighted in a bright glowing neon red-orange color showing maximum muscle contraction."
"woodchopper_polea","Woodchopper en polea","Abdomen/Core","poleas","Anatomical 3D model illustration of a highly defined, muscular grey male human figure on a solid pure complete black background. The figure has short cropped hair and is wearing only a tight black athletic boxer shorts. The composition is fully centered, with a wide generous margin on all sides of the figure (top, bottom, left, right) to ensure the character is completely contained inside the frame without touching any edges. High-end, premium fitness application style render. No text, no lines, no labels, no logos. Frontal three-quarter perspective view, holding the cable pulley attachment in the starting relaxed stretch phase of woodchopper en polea. The rectus abdominis (core) muscles are highlighted in a soft, inactive red-orange color.","Anatomical 3D model illustration of a highly defined, muscular grey male human figure on a solid pure complete black background. The figure has short cropped hair and is wearing only a tight black athletic boxer shorts. The composition is fully centered, with a wide generous margin on all sides of the figure (top, bottom, left, right) to ensure the character is completely contained inside the frame without touching any edges. High-end, premium fitness application style render. No text, no lines, no labels, no logos. Frontal three-quarter perspective view, holding the cable pulley attachment at the peak contraction finish phase of woodchopper en polea, squeezing the muscles tightly. The rectus abdominis (core) muscles are highlighted in a bright glowing neon red-orange color showing maximum muscle contraction."
"side_plank","Side plank","Abdomen/Core","peso_corporal","Anatomical 3D model illustration of a highly defined, muscular grey male human figure on a solid pure complete black background. The figure has short cropped hair and is wearing only a tight black athletic boxer shorts. The composition is fully centered, with a wide generous margin on all sides of the figure (top, bottom, left, right) to ensure the character is completely contained inside the frame without touching any edges. High-end, premium fitness application style render. No text, no lines, no labels, no logos. Profile lateral view, in the starting relaxed stretch phase of side plank. The rectus abdominis (core) muscles are highlighted in a soft, inactive red-orange color.","Anatomical 3D model illustration of a highly defined, muscular grey male human figure on a solid pure complete black background. The figure has short cropped hair and is wearing only a tight black athletic boxer shorts. The composition is fully centered, with a wide generous margin on all sides of the figure (top, bottom, left, right) to ensure the character is completely contained inside the frame without touching any edges. High-end, premium fitness application style render. No text, no lines, no labels, no logos. Profile lateral view, at the peak contraction finish phase of side plank, squeezing the target muscles. The rectus abdominis (core) muscles are highlighted in a bright glowing neon red-orange color showing maximum muscle contraction."
"bicicleta_abdominal","Bicicleta abdominal","Abdomen/Core","peso_corporal","Anatomical 3D model illustration of a highly defined, muscular grey male human figure on a solid pure complete black background. The figure has short cropped hair and is wearing only a tight black athletic boxer shorts. The composition is fully centered, with a wide generous margin on all sides of the figure (top, bottom, left, right) to ensure the character is completely contained inside the frame without touching any edges. High-end, premium fitness application style render. No text, no lines, no labels, no logos. Frontal three-quarter perspective view, in the starting relaxed stretch phase of bicicleta abdominal. The rectus abdominis (core) muscles are highlighted in a soft, inactive red-orange color.","Anatomical 3D model illustration of a highly defined, muscular grey male human figure on a solid pure complete black background. The figure has short cropped hair and is wearing only a tight black athletic boxer shorts. The composition is fully centered, with a wide generous margin on all sides of the figure (top, bottom, left, right) to ensure the character is completely contained inside the frame without touching any edges. High-end, premium fitness application style render. No text, no lines, no labels, no logos. Frontal three-quarter perspective view, at the peak contraction finish phase of bicicleta abdominal, squeezing the target muscles. The rectus abdominis (core) muscles are highlighted in a bright glowing neon red-orange color showing maximum muscle contraction."
"pallof_press","Pallof press","Abdomen/Core","poleas","Anatomical 3D model illustration of a highly defined, muscular grey male human figure on a solid pure complete black background. The figure has short cropped hair and is wearing only a tight black athletic boxer shorts. The composition is fully centered, with a wide generous margin on all sides of the figure (top, bottom, left, right) to ensure the character is completely contained inside the frame without touching any edges. High-end, premium fitness application style render. No text, no lines, no labels, no logos. Frontal three-quarter perspective view, holding the cable pulley attachment in the starting relaxed stretch phase of pallof press. The rectus abdominis (core) muscles are highlighted in a soft, inactive red-orange color.","Anatomical 3D model illustration of a highly defined, muscular grey male human figure on a solid pure complete black background. The figure has short cropped hair and is wearing only a tight black athletic boxer shorts. The composition is fully centered, with a wide generous margin on all sides of the figure (top, bottom, left, right) to ensure the character is completely contained inside the frame without touching any edges. High-end, premium fitness application style render. No text, no lines, no labels, no logos. Frontal three-quarter perspective view, holding the cable pulley attachment at the peak contraction finish phase of pallof press, squeezing the muscles tightly. The rectus abdominis (core) muscles are highlighted in a bright glowing neon red-orange color showing maximum muscle contraction."
"plancha_frontal","Plancha frontal","Abdomen/Core","peso_corporal","Anatomical 3D model illustration of a highly defined, muscular grey male human figure on a solid pure complete black background. The figure has short cropped hair and is wearing only a tight black athletic boxer shorts. The composition is fully centered, with a wide generous margin on all sides of the figure (top, bottom, left, right) to ensure the character is completely contained inside the frame without touching any edges. High-end, premium fitness application style render. No text, no lines, no labels, no logos. Profile lateral view, in the starting relaxed stretch phase of plancha frontal. The rectus abdominis (core) muscles are highlighted in a soft, inactive red-orange color.","Anatomical 3D model illustration of a highly defined, muscular grey male human figure on a solid pure complete black background. The figure has short cropped hair and is wearing only a tight black athletic boxer shorts. The composition is fully centered, with a wide generous margin on all sides of the figure (top, bottom, left, right) to ensure the character is completely contained inside the frame without touching any edges. High-end, premium fitness application style render. No text, no lines, no labels, no logos. Profile lateral view, at the peak contraction finish phase of plancha frontal, squeezing the target muscles. The rectus abdominis (core) muscles are highlighted in a bright glowing neon red-orange color showing maximum muscle contraction."
"plancha_toque_hombro","Plancha con toque de hombro","Abdomen/Core","peso_corporal","Anatomical 3D model illustration of a highly defined, muscular grey male human figure on a solid pure complete black background. The figure has short cropped hair and is wearing only a tight black athletic boxer shorts. The composition is fully centered, with a wide generous margin on all sides of the figure (top, bottom, left, right) to ensure the character is completely contained inside the frame without touching any edges. High-end, premium fitness application style render. No text, no lines, no labels, no logos. Profile lateral view, in the starting relaxed stretch phase of plancha con toque de hombro. The rectus abdominis (core) muscles are highlighted in a soft, inactive red-orange color.","Anatomical 3D model illustration of a highly defined, muscular grey male human figure on a solid pure complete black background. The figure has short cropped hair and is wearing only a tight black athletic boxer shorts. The composition is fully centered, with a wide generous margin on all sides of the figure (top, bottom, left, right) to ensure the character is completely contained inside the frame without touching any edges. High-end, premium fitness application style render. No text, no lines, no labels, no logos. Profile lateral view, at the peak contraction finish phase of plancha con toque de hombro, squeezing the target muscles. The rectus abdominis (core) muscles are highlighted in a bright glowing neon red-orange color showing maximum muscle contraction."
"dead_bug","Dead bug","Abdomen/Core","peso_corporal","Anatomical 3D model illustration of a highly defined, muscular grey male human figure on a solid pure complete black background. The figure has short cropped hair and is wearing only a tight black athletic boxer shorts. The composition is fully centered, with a wide generous margin on all sides of the figure (top, bottom, left, right) to ensure the character is completely contained inside the frame without touching any edges. High-end, premium fitness application style render. No text, no lines, no labels, no logos. Profile lateral view, in the starting relaxed stretch phase of dead bug. The rectus abdominis (core) muscles are highlighted in a soft, inactive red-orange color.","Anatomical 3D model illustration of a highly defined, muscular grey male human figure on a solid pure complete black background. The figure has short cropped hair and is wearing only a tight black athletic boxer shorts. The composition is fully centered, with a wide generous margin on all sides of the figure (top, bottom, left, right) to ensure the character is completely contained inside the frame without touching any edges. High-end, premium fitness application style render. No text, no lines, no labels, no logos. Profile lateral view, at the peak contraction finish phase of dead bug, squeezing the target muscles. The rectus abdominis (core) muscles are highlighted in a bright glowing neon red-orange color showing maximum muscle contraction."
"bird_dog","Bird dog","Abdomen/Core","peso_corporal","Anatomical 3D model illustration of a highly defined, muscular grey male human figure on a solid pure complete black background. The figure has short cropped hair and is wearing only a tight black athletic boxer shorts. The composition is fully centered, with a wide generous margin on all sides of the figure (top, bottom, left, right) to ensure the character is completely contained inside the frame without touching any edges. High-end, premium fitness application style render. No text, no lines, no labels, no logos. Profile lateral view, in the starting relaxed stretch phase of bird dog. The rectus abdominis (core) muscles are highlighted in a soft, inactive red-orange color.","Anatomical 3D model illustration of a highly defined, muscular grey male human figure on a solid pure complete black background. The figure has short cropped hair and is wearing only a tight black athletic boxer shorts. The composition is fully centered, with a wide generous margin on all sides of the figure (top, bottom, left, right) to ensure the character is completely contained inside the frame without touching any edges. High-end, premium fitness application style render. No text, no lines, no labels, no logos. Profile lateral view, at the peak contraction finish phase of bird dog, squeezing the target muscles. The rectus abdominis (core) muscles are highlighted in a bright glowing neon red-orange color showing maximum muscle contraction."
"hollow_hold","Hollow hold","Abdomen/Core","peso_corporal","Anatomical 3D model illustration of a highly defined, muscular grey male human figure on a solid pure complete black background. The figure has short cropped hair and is wearing only a tight black athletic boxer shorts. The composition is fully centered, with a wide generous margin on all sides of the figure (top, bottom, left, right) to ensure the character is completely contained inside the frame without touching any edges. High-end, premium fitness application style render. No text, no lines, no labels, no logos. Frontal three-quarter perspective view, in the starting relaxed stretch phase of hollow hold. The rectus abdominis (core) muscles are highlighted in a soft, inactive red-orange color.","Anatomical 3D model illustration of a highly defined, muscular grey male human figure on a solid pure complete black background. The figure has short cropped hair and is wearing only a tight black athletic boxer shorts. The composition is fully centered, with a wide generous margin on all sides of the figure (top, bottom, left, right) to ensure the character is completely contained inside the frame without touching any edges. High-end, premium fitness application style render. No text, no lines, no labels, no logos. Frontal three-quarter perspective view, at the peak contraction finish phase of hollow hold, squeezing the target muscles. The rectus abdominis (core) muscles are highlighted in a bright glowing neon red-orange color showing maximum muscle contraction."
"ab_wheel_rollout","Ab wheel rollout","Abdomen/Core","peso_corporal","Anatomical 3D model illustration of a highly defined, muscular grey male human figure on a solid pure complete black background. The figure has short cropped hair and is wearing only a tight black athletic boxer shorts. The composition is fully centered, with a wide generous margin on all sides of the figure (top, bottom, left, right) to ensure the character is completely contained inside the frame without touching any edges. High-end, premium fitness application style render. No text, no lines, no labels, no logos. Frontal three-quarter perspective view, in the starting relaxed stretch phase of ab wheel rollout. The rectus abdominis (core) muscles are highlighted in a soft, inactive red-orange color.","Anatomical 3D model illustration of a highly defined, muscular grey male human figure on a solid pure complete black background. The figure has short cropped hair and is wearing only a tight black athletic boxer shorts. The composition is fully centered, with a wide generous margin on all sides of the figure (top, bottom, left, right) to ensure the character is completely contained inside the frame without touching any edges. High-end, premium fitness application style render. No text, no lines, no labels, no logos. Frontal three-quarter perspective view, at the peak contraction finish phase of ab wheel rollout, squeezing the target muscles. The rectus abdominis (core) muscles are highlighted in a bright glowing neon red-orange color showing maximum muscle contraction."
"mountain_climbers","Mountain climbers","Abdomen/Core","peso_corporal","Anatomical 3D model illustration of a highly defined, muscular grey male human figure on a solid pure complete black background. The figure has short cropped hair and is wearing only a tight black athletic boxer shorts. The composition is fully centered, with a wide generous margin on all sides of the figure (top, bottom, left, right) to ensure the character is completely contained inside the frame without touching any edges. High-end, premium fitness application style render. No text, no lines, no labels, no logos. Frontal three-quarter perspective view, in the starting relaxed stretch phase of mountain climbers. The rectus abdominis (core) muscles are highlighted in a soft, inactive red-orange color.","Anatomical 3D model illustration of a highly defined, muscular grey male human figure on a solid pure complete black background. The figure has short cropped hair and is wearing only a tight black athletic boxer shorts. The composition is fully centered, with a wide generous margin on all sides of the figure (top, bottom, left, right) to ensure the character is completely contained inside the frame without touching any edges. High-end, premium fitness application style render. No text, no lines, no labels, no logos. Frontal three-quarter perspective view, at the peak contraction finish phase of mountain climbers, squeezing the target muscles. The rectus abdominis (core) muscles are highlighted in a bright glowing neon red-orange color showing maximum muscle contraction."
"bear_crawl","Bear crawl","Abdomen/Core","peso_corporal","Anatomical 3D model illustration of a highly defined, muscular grey male human figure on a solid pure complete black background. The figure has short cropped hair and is wearing only a tight black athletic boxer shorts. The composition is fully centered, with a wide generous margin on all sides of the figure (top, bottom, left, right) to ensure the character is completely contained inside the frame without touching any edges. High-end, premium fitness application style render. No text, no lines, no labels, no logos. Frontal three-quarter perspective view, in the starting relaxed stretch phase of bear crawl. The rectus abdominis (core) muscles are highlighted in a soft, inactive red-orange color.","Anatomical 3D model illustration of a highly defined, muscular grey male human figure on a solid pure complete black background. The figure has short cropped hair and is wearing only a tight black athletic boxer shorts. The composition is fully centered, with a wide generous margin on all sides of the figure (top, bottom, left, right) to ensure the character is completely contained inside the frame without touching any edges. High-end, premium fitness application style render. No text, no lines, no labels, no logos. Frontal three-quarter perspective view, at the peak contraction finish phase of bear crawl, squeezing the target muscles. The rectus abdominis (core) muscles are highlighted in a bright glowing neon red-orange color showing maximum muscle contraction."
"hip_thrust_barra","Hip thrust con barra","Glúteos","barra","Anatomical 3D model illustration of a highly defined, muscular grey male human figure on a solid pure complete black background. The figure has short cropped hair and is wearing only a tight black athletic boxer shorts. The composition is fully centered, with a wide generous margin on all sides of the figure (top, bottom, left, right) to ensure the character is completely contained inside the frame without touching any edges. High-end, premium fitness application style render. No text, no lines, no labels, no logos. Profile lateral view, holding a barbell in the starting relaxed stretch phase of hip thrust con barra. The gluteus maximus muscles are highlighted in a soft, inactive red-orange color.","Anatomical 3D model illustration of a highly defined, muscular grey male human figure on a solid pure complete black background. The figure has short cropped hair and is wearing only a tight black athletic boxer shorts. The composition is fully centered, with a wide generous margin on all sides of the figure (top, bottom, left, right) to ensure the character is completely contained inside the frame without touching any edges. High-end, premium fitness application style render. No text, no lines, no labels, no logos. Profile lateral view, holding a barbell at the peak contraction finish phase of hip thrust con barra, squeezing the muscles tightly. The gluteus maximus muscles are highlighted in a bright glowing neon red-orange color showing maximum muscle contraction."
"hip_thrust_maquina","Hip thrust en máquina","Glúteos","maquina","Anatomical 3D model illustration of a highly defined, muscular grey male human figure on a solid pure complete black background. The figure has short cropped hair and is wearing only a tight black athletic boxer shorts. The composition is fully centered, with a wide generous margin on all sides of the figure (top, bottom, left, right) to ensure the character is completely contained inside the frame without touching any edges. High-end, premium fitness application style render. No text, no lines, no labels, no logos. Profile lateral view, seated or positioned in a exercise machine, in the starting relaxed stretch phase of hip thrust en máquina. The gluteus maximus muscles are highlighted in a soft, inactive red-orange color.","Anatomical 3D model illustration of a highly defined, muscular grey male human figure on a solid pure complete black background. The figure has short cropped hair and is wearing only a tight black athletic boxer shorts. The composition is fully centered, with a wide generous margin on all sides of the figure (top, bottom, left, right) to ensure the character is completely contained inside the frame without touching any edges. High-end, premium fitness application style render. No text, no lines, no labels, no logos. Profile lateral view, positioned in a exercise machine at the peak contraction finish phase of hip thrust en máquina, squeezing the target muscles. The gluteus maximus muscles are highlighted in a bright glowing neon red-orange color showing maximum muscle contraction."
"puente_gluteos","Puente de glúteos","Glúteos","peso_corporal","Anatomical 3D model illustration of a highly defined, muscular grey male human figure on a solid pure complete black background. The figure has short cropped hair and is wearing only a tight black athletic boxer shorts. The composition is fully centered, with a wide generous margin on all sides of the figure (top, bottom, left, right) to ensure the character is completely contained inside the frame without touching any edges. High-end, premium fitness application style render. No text, no lines, no labels, no logos. Profile lateral view, in the starting relaxed stretch phase of puente de glúteos. The gluteus maximus muscles are highlighted in a soft, inactive red-orange color.","Anatomical 3D model illustration of a highly defined, muscular grey male human figure on a solid pure complete black background. The figure has short cropped hair and is wearing only a tight black athletic boxer shorts. The composition is fully centered, with a wide generous margin on all sides of the figure (top, bottom, left, right) to ensure the character is completely contained inside the frame without touching any edges. High-end, premium fitness application style render. No text, no lines, no labels, no logos. Profile lateral view, at the peak contraction finish phase of puente de glúteos, squeezing the target muscles. The gluteus maximus muscles are highlighted in a bright glowing neon red-orange color showing maximum muscle contraction."
"peso_muerto_rumano_gluteos","Peso muerto rumano","Glúteos","barra","Anatomical 3D model illustration of a highly defined, muscular grey male human figure on a solid pure complete black background. The figure has short cropped hair and is wearing only a tight black athletic boxer shorts. The composition is fully centered, with a wide generous margin on all sides of the figure (top, bottom, left, right) to ensure the character is completely contained inside the frame without touching any edges. High-end, premium fitness application style render. No text, no lines, no labels, no logos. Frontal three-quarter perspective view, holding a barbell in the starting relaxed stretch phase of peso muerto rumano. The gluteus maximus muscles are highlighted in a soft, inactive red-orange color.","Anatomical 3D model illustration of a highly defined, muscular grey male human figure on a solid pure complete black background. The figure has short cropped hair and is wearing only a tight black athletic boxer shorts. The composition is fully centered, with a wide generous margin on all sides of the figure (top, bottom, left, right) to ensure the character is completely contained inside the frame without touching any edges. High-end, premium fitness application style render. No text, no lines, no labels, no logos. Frontal three-quarter perspective view, holding a barbell at the peak contraction finish phase of peso muerto rumano, squeezing the muscles tightly. The gluteus maximus muscles are highlighted in a bright glowing neon red-orange color showing maximum muscle contraction."
"peso_muerto_sumo_gluteos","Peso muerto sumo","Glúteos","barra","Anatomical 3D model illustration of a highly defined, muscular grey male human figure on a solid pure complete black background. The figure has short cropped hair and is wearing only a tight black athletic boxer shorts. The composition is fully centered, with a wide generous margin on all sides of the figure (top, bottom, left, right) to ensure the character is completely contained inside the frame without touching any edges. High-end, premium fitness application style render. No text, no lines, no labels, no logos. Frontal three-quarter perspective view, holding a barbell in the starting relaxed stretch phase of peso muerto sumo. The gluteus maximus muscles are highlighted in a soft, inactive red-orange color.","Anatomical 3D model illustration of a highly defined, muscular grey male human figure on a solid pure complete black background. The figure has short cropped hair and is wearing only a tight black athletic boxer shorts. The composition is fully centered, with a wide generous margin on all sides of the figure (top, bottom, left, right) to ensure the character is completely contained inside the frame without touching any edges. High-end, premium fitness application style render. No text, no lines, no labels, no logos. Frontal three-quarter perspective view, holding a barbell at the peak contraction finish phase of peso muerto sumo, squeezing the muscles tightly. The gluteus maximus muscles are highlighted in a bright glowing neon red-orange color showing maximum muscle contraction."
"sentadilla_profunda","Sentadilla profunda","Glúteos","barra","Anatomical 3D model illustration of a highly defined, muscular grey male human figure on a solid pure complete black background. The figure has short cropped hair and is wearing only a tight black athletic boxer shorts. The composition is fully centered, with a wide generous margin on all sides of the figure (top, bottom, left, right) to ensure the character is completely contained inside the frame without touching any edges. High-end, premium fitness application style render. No text, no lines, no labels, no logos. Profile lateral view, holding a barbell in the starting relaxed stretch phase of sentadilla profunda. The gluteus maximus muscles are highlighted in a soft, inactive red-orange color.","Anatomical 3D model illustration of a highly defined, muscular grey male human figure on a solid pure complete black background. The figure has short cropped hair and is wearing only a tight black athletic boxer shorts. The composition is fully centered, with a wide generous margin on all sides of the figure (top, bottom, left, right) to ensure the character is completely contained inside the frame without touching any edges. High-end, premium fitness application style render. No text, no lines, no labels, no logos. Profile lateral view, holding a barbell at the peak contraction finish phase of sentadilla profunda, squeezing the muscles tightly. The gluteus maximus muscles are highlighted in a bright glowing neon red-orange color showing maximum muscle contraction."
"prensa_pies_altos","Prensa con pies altos","Glúteos","maquina","Anatomical 3D model illustration of a highly defined, muscular grey male human figure on a solid pure complete black background. The figure has short cropped hair and is wearing only a tight black athletic boxer shorts. The composition is fully centered, with a wide generous margin on all sides of the figure (top, bottom, left, right) to ensure the character is completely contained inside the frame without touching any edges. High-end, premium fitness application style render. No text, no lines, no labels, no logos. Frontal three-quarter perspective view, seated or positioned in a exercise machine, in the starting relaxed stretch phase of prensa con pies altos. The gluteus maximus muscles are highlighted in a soft, inactive red-orange color.","Anatomical 3D model illustration of a highly defined, muscular grey male human figure on a solid pure complete black background. The figure has short cropped hair and is wearing only a tight black athletic boxer shorts. The composition is fully centered, with a wide generous margin on all sides of the figure (top, bottom, left, right) to ensure the character is completely contained inside the frame without touching any edges. High-end, premium fitness application style render. No text, no lines, no labels, no logos. Frontal three-quarter perspective view, positioned in a exercise machine at the peak contraction finish phase of prensa con pies altos, squeezing the target muscles. The gluteus maximus muscles are highlighted in a bright glowing neon red-orange color showing maximum muscle contraction."
"patada_gluteo_maquina","Patada de glúteo en máquina","Glúteos","maquina","Anatomical 3D model illustration of a highly defined, muscular grey male human figure on a solid pure complete black background. The figure has short cropped hair and is wearing only a tight black athletic boxer shorts. The composition is fully centered, with a wide generous margin on all sides of the figure (top, bottom, left, right) to ensure the character is completely contained inside the frame without touching any edges. High-end, premium fitness application style render. No text, no lines, no labels, no logos. Frontal three-quarter perspective view, seated or positioned in a exercise machine, in the starting relaxed stretch phase of patada de glúteo en máquina. The gluteus maximus muscles are highlighted in a soft, inactive red-orange color.","Anatomical 3D model illustration of a highly defined, muscular grey male human figure on a solid pure complete black background. The figure has short cropped hair and is wearing only a tight black athletic boxer shorts. The composition is fully centered, with a wide generous margin on all sides of the figure (top, bottom, left, right) to ensure the character is completely contained inside the frame without touching any edges. High-end, premium fitness application style render. No text, no lines, no labels, no logos. Frontal three-quarter perspective view, positioned in a exercise machine at the peak contraction finish phase of patada de glúteo en máquina, squeezing the target muscles. The gluteus maximus muscles are highlighted in a bright glowing neon red-orange color showing maximum muscle contraction."
"abduccion_maquina_gluteos","Abducción en máquina","Glúteos","maquina","Anatomical 3D model illustration of a highly defined, muscular grey male human figure on a solid pure complete black background. The figure has short cropped hair and is wearing only a tight black athletic boxer shorts. The composition is fully centered, with a wide generous margin on all sides of the figure (top, bottom, left, right) to ensure the character is completely contained inside the frame without touching any edges. High-end, premium fitness application style render. No text, no lines, no labels, no logos. Frontal three-quarter perspective view, seated or positioned in a exercise machine, in the starting relaxed stretch phase of abducción en máquina. The gluteus maximus muscles are highlighted in a soft, inactive red-orange color.","Anatomical 3D model illustration of a highly defined, muscular grey male human figure on a solid pure complete black background. The figure has short cropped hair and is wearing only a tight black athletic boxer shorts. The composition is fully centered, with a wide generous margin on all sides of the figure (top, bottom, left, right) to ensure the character is completely contained inside the frame without touching any edges. High-end, premium fitness application style render. No text, no lines, no labels, no logos. Frontal three-quarter perspective view, positioned in a exercise machine at the peak contraction finish phase of abducción en máquina, squeezing the target muscles. The gluteus maximus muscles are highlighted in a bright glowing neon red-orange color showing maximum muscle contraction."
"abduccion_polea_gluteos","Abducción en polea","Glúteos","poleas","Anatomical 3D model illustration of a highly defined, muscular grey male human figure on a solid pure complete black background. The figure has short cropped hair and is wearing only a tight black athletic boxer shorts. The composition is fully centered, with a wide generous margin on all sides of the figure (top, bottom, left, right) to ensure the character is completely contained inside the frame without touching any edges. High-end, premium fitness application style render. No text, no lines, no labels, no logos. Frontal three-quarter perspective view, holding the cable pulley attachment in the starting relaxed stretch phase of abducción en polea. The gluteus maximus muscles are highlighted in a soft, inactive red-orange color.","Anatomical 3D model illustration of a highly defined, muscular grey male human figure on a solid pure complete black background. The figure has short cropped hair and is wearing only a tight black athletic boxer shorts. The composition is fully centered, with a wide generous margin on all sides of the figure (top, bottom, left, right) to ensure the character is completely contained inside the frame without touching any edges. High-end, premium fitness application style render. No text, no lines, no labels, no logos. Frontal three-quarter perspective view, holding the cable pulley attachment at the peak contraction finish phase of abducción en polea, squeezing the muscles tightly. The gluteus maximus muscles are highlighted in a bright glowing neon red-orange color showing maximum muscle contraction."
"caminata_lateral_banda","Caminata lateral con banda","Glúteos","bandas","Anatomical 3D model illustration of a highly defined, muscular grey male human figure on a solid pure complete black background. The figure has short cropped hair and is wearing only a tight black athletic boxer shorts. The composition is fully centered, with a wide generous margin on all sides of the figure (top, bottom, left, right) to ensure the character is completely contained inside the frame without touching any edges. High-end, premium fitness application style render. No text, no lines, no labels, no logos. Frontal three-quarter perspective view, in the starting relaxed stretch phase of caminata lateral con banda. The gluteus maximus muscles are highlighted in a soft, inactive red-orange color.","Anatomical 3D model illustration of a highly defined, muscular grey male human figure on a solid pure complete black background. The figure has short cropped hair and is wearing only a tight black athletic boxer shorts. The composition is fully centered, with a wide generous margin on all sides of the figure (top, bottom, left, right) to ensure the character is completely contained inside the frame without touching any edges. High-end, premium fitness application style render. No text, no lines, no labels, no logos. Frontal three-quarter perspective view, at the peak contraction finish phase of caminata lateral con banda, squeezing the target muscles. The gluteus maximus muscles are highlighted in a bright glowing neon red-orange color showing maximum muscle contraction."
"monster_walks_gluteos","Monster walks","Glúteos","bandas","Anatomical 3D model illustration of a highly defined, muscular grey male human figure on a solid pure complete black background. The figure has short cropped hair and is wearing only a tight black athletic boxer shorts. The composition is fully centered, with a wide generous margin on all sides of the figure (top, bottom, left, right) to ensure the character is completely contained inside the frame without touching any edges. High-end, premium fitness application style render. No text, no lines, no labels, no logos. Frontal three-quarter perspective view, in the starting relaxed stretch phase of monster walks. The gluteus maximus muscles are highlighted in a soft, inactive red-orange color.","Anatomical 3D model illustration of a highly defined, muscular grey male human figure on a solid pure complete black background. The figure has short cropped hair and is wearing only a tight black athletic boxer shorts. The composition is fully centered, with a wide generous margin on all sides of the figure (top, bottom, left, right) to ensure the character is completely contained inside the frame without touching any edges. High-end, premium fitness application style render. No text, no lines, no labels, no logos. Frontal three-quarter perspective view, at the peak contraction finish phase of monster walks, squeezing the target muscles. The gluteus maximus muscles are highlighted in a bright glowing neon red-orange color showing maximum muscle contraction."
"clamshell_gluteos","Clamshell","Glúteos","peso_corporal","Anatomical 3D model illustration of a highly defined, muscular grey male human figure on a solid pure complete black background. The figure has short cropped hair and is wearing only a tight black athletic boxer shorts. The composition is fully centered, with a wide generous margin on all sides of the figure (top, bottom, left, right) to ensure the character is completely contained inside the frame without touching any edges. High-end, premium fitness application style render. No text, no lines, no labels, no logos. Frontal three-quarter perspective view, in the starting relaxed stretch phase of clamshell. The gluteus maximus muscles are highlighted in a soft, inactive red-orange color.","Anatomical 3D model illustration of a highly defined, muscular grey male human figure on a solid pure complete black background. The figure has short cropped hair and is wearing only a tight black athletic boxer shorts. The composition is fully centered, with a wide generous margin on all sides of the figure (top, bottom, left, right) to ensure the character is completely contained inside the frame without touching any edges. High-end, premium fitness application style render. No text, no lines, no labels, no logos. Frontal three-quarter perspective view, at the peak contraction finish phase of clamshell, squeezing the target muscles. The gluteus maximus muscles are highlighted in a bright glowing neon red-orange color showing maximum muscle contraction."
"bulgarian_split_squat_gluteos","Bulgarian split squat","Glúteos","mancuernas","Anatomical 3D model illustration of a highly defined, muscular grey male human figure on a solid pure complete black background. The figure has short cropped hair and is wearing only a tight black athletic boxer shorts. The composition is fully centered, with a wide generous margin on all sides of the figure (top, bottom, left, right) to ensure the character is completely contained inside the frame without touching any edges. High-end, premium fitness application style render. No text, no lines, no labels, no logos. Profile lateral view, holding dumbbells in the starting relaxed stretch phase of bulgarian split squat. The gluteus maximus muscles are highlighted in a soft, inactive red-orange color.","Anatomical 3D model illustration of a highly defined, muscular grey male human figure on a solid pure complete black background. The figure has short cropped hair and is wearing only a tight black athletic boxer shorts. The composition is fully centered, with a wide generous margin on all sides of the figure (top, bottom, left, right) to ensure the character is completely contained inside the frame without touching any edges. High-end, premium fitness application style render. No text, no lines, no labels, no logos. Profile lateral view, holding dumbbells at the peak contraction finish phase of bulgarian split squat, squeezing the muscles tightly. The gluteus maximus muscles are highlighted in a bright glowing neon red-orange color showing maximum muscle contraction."
"step_up_gluteos","Step-up","Glúteos","mancuernas","Anatomical 3D model illustration of a highly defined, muscular grey male human figure on a solid pure complete black background. The figure has short cropped hair and is wearing only a tight black athletic boxer shorts. The composition is fully centered, with a wide generous margin on all sides of the figure (top, bottom, left, right) to ensure the character is completely contained inside the frame without touching any edges. High-end, premium fitness application style render. No text, no lines, no labels, no logos. Frontal three-quarter perspective view, holding dumbbells in the starting relaxed stretch phase of step-up. The gluteus maximus muscles are highlighted in a soft, inactive red-orange color.","Anatomical 3D model illustration of a highly defined, muscular grey male human figure on a solid pure complete black background. The figure has short cropped hair and is wearing only a tight black athletic boxer shorts. The composition is fully centered, with a wide generous margin on all sides of the figure (top, bottom, left, right) to ensure the character is completely contained inside the frame without touching any edges. High-end, premium fitness application style render. No text, no lines, no labels, no logos. Frontal three-quarter perspective view, holding dumbbells at the peak contraction finish phase of step-up, squeezing the muscles tightly. The gluteus maximus muscles are highlighted in a bright glowing neon red-orange color showing maximum muscle contraction."
"zancada_caminando_gluteos","Zancada caminando","Glúteos","mancuernas","Anatomical 3D model illustration of a highly defined, muscular grey male human figure on a solid pure complete black background. The figure has short cropped hair and is wearing only a tight black athletic boxer shorts. The composition is fully centered, with a wide generous margin on all sides of the figure (top, bottom, left, right) to ensure the character is completely contained inside the frame without touching any edges. High-end, premium fitness application style render. No text, no lines, no labels, no logos. Profile lateral view, holding dumbbells in the starting relaxed stretch phase of zancada caminando. The gluteus maximus muscles are highlighted in a soft, inactive red-orange color.","Anatomical 3D model illustration of a highly defined, muscular grey male human figure on a solid pure complete black background. The figure has short cropped hair and is wearing only a tight black athletic boxer shorts. The composition is fully centered, with a wide generous margin on all sides of the figure (top, bottom, left, right) to ensure the character is completely contained inside the frame without touching any edges. High-end, premium fitness application style render. No text, no lines, no labels, no logos. Profile lateral view, holding dumbbells at the peak contraction finish phase of zancada caminando, squeezing the muscles tightly. The gluteus maximus muscles are highlighted in a bright glowing neon red-orange color showing maximum muscle contraction."
"zancada_inversa_gluteos","Zancada inversa","Glúteos","mancuernas","Anatomical 3D model illustration of a highly defined, muscular grey male human figure on a solid pure complete black background. The figure has short cropped hair and is wearing only a tight black athletic boxer shorts. The composition is fully centered, with a wide generous margin on all sides of the figure (top, bottom, left, right) to ensure the character is completely contained inside the frame without touching any edges. High-end, premium fitness application style render. No text, no lines, no labels, no logos. Profile lateral view, holding dumbbells in the starting relaxed stretch phase of zancada inversa. The gluteus maximus muscles are highlighted in a soft, inactive red-orange color.","Anatomical 3D model illustration of a highly defined, muscular grey male human figure on a solid pure complete black background. The figure has short cropped hair and is wearing only a tight black athletic boxer shorts. The composition is fully centered, with a wide generous margin on all sides of the figure (top, bottom, left, right) to ensure the character is completely contained inside the frame without touching any edges. High-end, premium fitness application style render. No text, no lines, no labels, no logos. Profile lateral view, holding dumbbells at the peak contraction finish phase of zancada inversa, squeezing the muscles tightly. The gluteus maximus muscles are highlighted in a bright glowing neon red-orange color showing maximum muscle contraction."
"single_leg_rdl_gluteos","Single-leg Romanian deadlift","Glúteos","mancuernas","Anatomical 3D model illustration of a highly defined, muscular grey male human figure on a solid pure complete black background. The figure has short cropped hair and is wearing only a tight black athletic boxer shorts. The composition is fully centered, with a wide generous margin on all sides of the figure (top, bottom, left, right) to ensure the character is completely contained inside the frame without touching any edges. High-end, premium fitness application style render. No text, no lines, no labels, no logos. Profile lateral view, holding dumbbells in the starting relaxed stretch phase of single-leg romanian deadlift. The gluteus maximus muscles are highlighted in a soft, inactive red-orange color.","Anatomical 3D model illustration of a highly defined, muscular grey male human figure on a solid pure complete black background. The figure has short cropped hair and is wearing only a tight black athletic boxer shorts. The composition is fully centered, with a wide generous margin on all sides of the figure (top, bottom, left, right) to ensure the character is completely contained inside the frame without touching any edges. High-end, premium fitness application style render. No text, no lines, no labels, no logos. Profile lateral view, holding dumbbells at the peak contraction finish phase of single-leg romanian deadlift, squeezing the muscles tightly. The gluteus maximus muscles are highlighted in a bright glowing neon red-orange color showing maximum muscle contraction."
"pull_through_polea","Pull-through en polea","Glúteos","poleas","Anatomical 3D model illustration of a highly defined, muscular grey male human figure on a solid pure complete black background. The figure has short cropped hair and is wearing only a tight black athletic boxer shorts. The composition is fully centered, with a wide generous margin on all sides of the figure (top, bottom, left, right) to ensure the character is completely contained inside the frame without touching any edges. High-end, premium fitness application style render. No text, no lines, no labels, no logos. Frontal three-quarter perspective view, holding the cable pulley attachment in the starting relaxed stretch phase of pull-through en polea. The gluteus maximus muscles are highlighted in a soft, inactive red-orange color.","Anatomical 3D model illustration of a highly defined, muscular grey male human figure on a solid pure complete black background. The figure has short cropped hair and is wearing only a tight black athletic boxer shorts. The composition is fully centered, with a wide generous margin on all sides of the figure (top, bottom, left, right) to ensure the character is completely contained inside the frame without touching any edges. High-end, premium fitness application style render. No text, no lines, no labels, no logos. Frontal three-quarter perspective view, holding the cable pulley attachment at the peak contraction finish phase of pull-through en polea, squeezing the muscles tightly. The gluteus maximus muscles are highlighted in a bright glowing neon red-orange color showing maximum muscle contraction."
"frog_pumps","Frog pumps","Glúteos","peso_corporal","Anatomical 3D model illustration of a highly defined, muscular grey male human figure on a solid pure complete black background. The figure has short cropped hair and is wearing only a tight black athletic boxer shorts. The composition is fully centered, with a wide generous margin on all sides of the figure (top, bottom, left, right) to ensure the character is completely contained inside the frame without touching any edges. High-end, premium fitness application style render. No text, no lines, no labels, no logos. Frontal three-quarter perspective view, in the starting relaxed stretch phase of frog pumps. The gluteus maximus muscles are highlighted in a soft, inactive red-orange color.","Anatomical 3D model illustration of a highly defined, muscular grey male human figure on a solid pure complete black background. The figure has short cropped hair and is wearing only a tight black athletic boxer shorts. The composition is fully centered, with a wide generous margin on all sides of the figure (top, bottom, left, right) to ensure the character is completely contained inside the frame without touching any edges. High-end, premium fitness application style render. No text, no lines, no labels, no logos. Frontal three-quarter perspective view, at the peak contraction finish phase of frog pumps, squeezing the target muscles. The gluteus maximus muscles are highlighted in a bright glowing neon red-orange color showing maximum muscle contraction."
"sentadilla_trasera","Sentadilla trasera","Cuádriceps","barra","Anatomical 3D model illustration of a highly defined, muscular grey male human figure on a solid pure complete black background. The figure has short cropped hair and is wearing only a tight black athletic boxer shorts. The composition is fully centered, with a wide generous margin on all sides of the figure (top, bottom, left, right) to ensure the character is completely contained inside the frame without touching any edges. High-end, premium fitness application style render. No text, no lines, no labels, no logos. Profile lateral view, holding a barbell in the starting relaxed stretch phase of sentadilla trasera. The quadriceps muscles are highlighted in a soft, inactive red-orange color.","Anatomical 3D model illustration of a highly defined, muscular grey male human figure on a solid pure complete black background. The figure has short cropped hair and is wearing only a tight black athletic boxer shorts. The composition is fully centered, with a wide generous margin on all sides of the figure (top, bottom, left, right) to ensure the character is completely contained inside the frame without touching any edges. High-end, premium fitness application style render. No text, no lines, no labels, no logos. Profile lateral view, holding a barbell at the peak contraction finish phase of sentadilla trasera, squeezing the muscles tightly. The quadriceps muscles are highlighted in a bright glowing neon red-orange color showing maximum muscle contraction."
"sentadilla_frontal","Sentadilla frontal","Cuádriceps","barra","Anatomical 3D model illustration of a highly defined, muscular grey male human figure on a solid pure complete black background. The figure has short cropped hair and is wearing only a tight black athletic boxer shorts. The composition is fully centered, with a wide generous margin on all sides of the figure (top, bottom, left, right) to ensure the character is completely contained inside the frame without touching any edges. High-end, premium fitness application style render. No text, no lines, no labels, no logos. Profile lateral view, holding a barbell in the starting relaxed stretch phase of sentadilla frontal. The quadriceps muscles are highlighted in a soft, inactive red-orange color.","Anatomical 3D model illustration of a highly defined, muscular grey male human figure on a solid pure complete black background. The figure has short cropped hair and is wearing only a tight black athletic boxer shorts. The composition is fully centered, with a wide generous margin on all sides of the figure (top, bottom, left, right) to ensure the character is completely contained inside the frame without touching any edges. High-end, premium fitness application style render. No text, no lines, no labels, no logos. Profile lateral view, holding a barbell at the peak contraction finish phase of sentadilla frontal, squeezing the muscles tightly. The quadriceps muscles are highlighted in a bright glowing neon red-orange color showing maximum muscle contraction."
"sentadilla_goblet","Sentadilla goblet","Cuádriceps","mancuernas","Anatomical 3D model illustration of a highly defined, muscular grey male human figure on a solid pure complete black background. The figure has short cropped hair and is wearing only a tight black athletic boxer shorts. The composition is fully centered, with a wide generous margin on all sides of the figure (top, bottom, left, right) to ensure the character is completely contained inside the frame without touching any edges. High-end, premium fitness application style render. No text, no lines, no labels, no logos. Profile lateral view, holding dumbbells in the starting relaxed stretch phase of sentadilla goblet. The quadriceps muscles are highlighted in a soft, inactive red-orange color.","Anatomical 3D model illustration of a highly defined, muscular grey male human figure on a solid pure complete black background. The figure has short cropped hair and is wearing only a tight black athletic boxer shorts. The composition is fully centered, with a wide generous margin on all sides of the figure (top, bottom, left, right) to ensure the character is completely contained inside the frame without touching any edges. High-end, premium fitness application style render. No text, no lines, no labels, no logos. Profile lateral view, holding dumbbells at the peak contraction finish phase of sentadilla goblet, squeezing the muscles tightly. The quadriceps muscles are highlighted in a bright glowing neon red-orange color showing maximum muscle contraction."
"sentadilla_smith","Sentadilla en Smith","Cuádriceps","maquina","Anatomical 3D model illustration of a highly defined, muscular grey male human figure on a solid pure complete black background. The figure has short cropped hair and is wearing only a tight black athletic boxer shorts. The composition is fully centered, with a wide generous margin on all sides of the figure (top, bottom, left, right) to ensure the character is completely contained inside the frame without touching any edges. High-end, premium fitness application style render. No text, no lines, no labels, no logos. Profile lateral view, seated or positioned in a exercise machine, in the starting relaxed stretch phase of sentadilla en smith. The quadriceps muscles are highlighted in a soft, inactive red-orange color.","Anatomical 3D model illustration of a highly defined, muscular grey male human figure on a solid pure complete black background. The figure has short cropped hair and is wearing only a tight black athletic boxer shorts. The composition is fully centered, with a wide generous margin on all sides of the figure (top, bottom, left, right) to ensure the character is completely contained inside the frame without touching any edges. High-end, premium fitness application style render. No text, no lines, no labels, no logos. Profile lateral view, positioned in a exercise machine at the peak contraction finish phase of sentadilla en smith, squeezing the target muscles. The quadriceps muscles are highlighted in a bright glowing neon red-orange color showing maximum muscle contraction."
"hack_squat","Hack squat","Cuádriceps","maquina","Anatomical 3D model illustration of a highly defined, muscular grey male human figure on a solid pure complete black background. The figure has short cropped hair and is wearing only a tight black athletic boxer shorts. The composition is fully centered, with a wide generous margin on all sides of the figure (top, bottom, left, right) to ensure the character is completely contained inside the frame without touching any edges. High-end, premium fitness application style render. No text, no lines, no labels, no logos. Profile lateral view, seated or positioned in a exercise machine, in the starting relaxed stretch phase of hack squat. The quadriceps muscles are highlighted in a soft, inactive red-orange color.","Anatomical 3D model illustration of a highly defined, muscular grey male human figure on a solid pure complete black background. The figure has short cropped hair and is wearing only a tight black athletic boxer shorts. The composition is fully centered, with a wide generous margin on all sides of the figure (top, bottom, left, right) to ensure the character is completely contained inside the frame without touching any edges. High-end, premium fitness application style render. No text, no lines, no labels, no logos. Profile lateral view, positioned in a exercise machine at the peak contraction finish phase of hack squat, squeezing the target muscles. The quadriceps muscles are highlighted in a bright glowing neon red-orange color showing maximum muscle contraction."
"prensa_piernas","Prensa de piernas","Cuádriceps","maquina","Anatomical 3D model illustration of a highly defined, muscular grey male human figure on a solid pure complete black background. The figure has short cropped hair and is wearing only a tight black athletic boxer shorts. The composition is fully centered, with a wide generous margin on all sides of the figure (top, bottom, left, right) to ensure the character is completely contained inside the frame without touching any edges. High-end, premium fitness application style render. No text, no lines, no labels, no logos. Frontal three-quarter perspective view, seated or positioned in a exercise machine, in the starting relaxed stretch phase of prensa de piernas. The quadriceps muscles are highlighted in a soft, inactive red-orange color.","Anatomical 3D model illustration of a highly defined, muscular grey male human figure on a solid pure complete black background. The figure has short cropped hair and is wearing only a tight black athletic boxer shorts. The composition is fully centered, with a wide generous margin on all sides of the figure (top, bottom, left, right) to ensure the character is completely contained inside the frame without touching any edges. High-end, premium fitness application style render. No text, no lines, no labels, no logos. Frontal three-quarter perspective view, positioned in a exercise machine at the peak contraction finish phase of prensa de piernas, squeezing the target muscles. The quadriceps muscles are highlighted in a bright glowing neon red-orange color showing maximum muscle contraction."
"prensa_unilateral","Prensa unilateral","Cuádriceps","maquina","Anatomical 3D model illustration of a highly defined, muscular grey male human figure on a solid pure complete black background. The figure has short cropped hair and is wearing only a tight black athletic boxer shorts. The composition is fully centered, with a wide generous margin on all sides of the figure (top, bottom, left, right) to ensure the character is completely contained inside the frame without touching any edges. High-end, premium fitness application style render. No text, no lines, no labels, no logos. Frontal three-quarter perspective view, seated or positioned in a exercise machine, in the starting relaxed stretch phase of prensa unilateral. The quadriceps muscles are highlighted in a soft, inactive red-orange color.","Anatomical 3D model illustration of a highly defined, muscular grey male human figure on a solid pure complete black background. The figure has short cropped hair and is wearing only a tight black athletic boxer shorts. The composition is fully centered, with a wide generous margin on all sides of the figure (top, bottom, left, right) to ensure the character is completely contained inside the frame without touching any edges. High-end, premium fitness application style render. No text, no lines, no labels, no logos. Frontal three-quarter perspective view, positioned in a exercise machine at the peak contraction finish phase of prensa unilateral, squeezing the target muscles. The quadriceps muscles are highlighted in a bright glowing neon red-orange color showing maximum muscle contraction."
"extension_cuadriceps","Extensión de cuádriceps","Cuádriceps","maquina","Anatomical 3D model illustration of a highly defined, muscular grey male human figure on a solid pure complete black background. The figure has short cropped hair and is wearing only a tight black athletic boxer shorts. The composition is fully centered, with a wide generous margin on all sides of the figure (top, bottom, left, right) to ensure the character is completely contained inside the frame without touching any edges. High-end, premium fitness application style render. No text, no lines, no labels, no logos. Frontal three-quarter perspective view, seated or positioned in a exercise machine, in the starting relaxed stretch phase of extensión de cuádriceps. The quadriceps muscles are highlighted in a soft, inactive red-orange color.","Anatomical 3D model illustration of a highly defined, muscular grey male human figure on a solid pure complete black background. The figure has short cropped hair and is wearing only a tight black athletic boxer shorts. The composition is fully centered, with a wide generous margin on all sides of the figure (top, bottom, left, right) to ensure the character is completely contained inside the frame without touching any edges. High-end, premium fitness application style render. No text, no lines, no labels, no logos. Frontal three-quarter perspective view, positioned in a exercise machine at the peak contraction finish phase of extensión de cuádriceps, squeezing the target muscles. The quadriceps muscles are highlighted in a bright glowing neon red-orange color showing maximum muscle contraction."
"zancada_caminando_quads","Zancada caminando","Cuádriceps","mancuernas","Anatomical 3D model illustration of a highly defined, muscular grey male human figure on a solid pure complete black background. The figure has short cropped hair and is wearing only a tight black athletic boxer shorts. The composition is fully centered, with a wide generous margin on all sides of the figure (top, bottom, left, right) to ensure the character is completely contained inside the frame without touching any edges. High-end, premium fitness application style render. No text, no lines, no labels, no logos. Profile lateral view, holding dumbbells in the starting relaxed stretch phase of zancada caminando. The quadriceps muscles are highlighted in a soft, inactive red-orange color.","Anatomical 3D model illustration of a highly defined, muscular grey male human figure on a solid pure complete black background. The figure has short cropped hair and is wearing only a tight black athletic boxer shorts. The composition is fully centered, with a wide generous margin on all sides of the figure (top, bottom, left, right) to ensure the character is completely contained inside the frame without touching any edges. High-end, premium fitness application style render. No text, no lines, no labels, no logos. Profile lateral view, holding dumbbells at the peak contraction finish phase of zancada caminando, squeezing the muscles tightly. The quadriceps muscles are highlighted in a bright glowing neon red-orange color showing maximum muscle contraction."
"zancada_inversa_quads","Zancada inversa","Cuádriceps","mancuernas","Anatomical 3D model illustration of a highly defined, muscular grey male human figure on a solid pure complete black background. The figure has short cropped hair and is wearing only a tight black athletic boxer shorts. The composition is fully centered, with a wide generous margin on all sides of the figure (top, bottom, left, right) to ensure the character is completely contained inside the frame without touching any edges. High-end, premium fitness application style render. No text, no lines, no labels, no logos. Profile lateral view, holding dumbbells in the starting relaxed stretch phase of zancada inversa. The quadriceps muscles are highlighted in a soft, inactive red-orange color.","Anatomical 3D model illustration of a highly defined, muscular grey male human figure on a solid pure complete black background. The figure has short cropped hair and is wearing only a tight black athletic boxer shorts. The composition is fully centered, with a wide generous margin on all sides of the figure (top, bottom, left, right) to ensure the character is completely contained inside the frame without touching any edges. High-end, premium fitness application style render. No text, no lines, no labels, no logos. Profile lateral view, holding dumbbells at the peak contraction finish phase of zancada inversa, squeezing the muscles tightly. The quadriceps muscles are highlighted in a bright glowing neon red-orange color showing maximum muscle contraction."
"bulgarian_split_squat_quads","Bulgarian split squat","Cuádriceps","mancuernas","Anatomical 3D model illustration of a highly defined, muscular grey male human figure on a solid pure complete black background. The figure has short cropped hair and is wearing only a tight black athletic boxer shorts. The composition is fully centered, with a wide generous margin on all sides of the figure (top, bottom, left, right) to ensure the character is completely contained inside the frame without touching any edges. High-end, premium fitness application style render. No text, no lines, no labels, no logos. Profile lateral view, holding dumbbells in the starting relaxed stretch phase of bulgarian split squat. The quadriceps muscles are highlighted in a soft, inactive red-orange color.","Anatomical 3D model illustration of a highly defined, muscular grey male human figure on a solid pure complete black background. The figure has short cropped hair and is wearing only a tight black athletic boxer shorts. The composition is fully centered, with a wide generous margin on all sides of the figure (top, bottom, left, right) to ensure the character is completely contained inside the frame without touching any edges. High-end, premium fitness application style render. No text, no lines, no labels, no logos. Profile lateral view, holding dumbbells at the peak contraction finish phase of bulgarian split squat, squeezing the muscles tightly. The quadriceps muscles are highlighted in a bright glowing neon red-orange color showing maximum muscle contraction."
"step_up_quads","Step-up","Cuádriceps","mancuernas","Anatomical 3D model illustration of a highly defined, muscular grey male human figure on a solid pure complete black background. The figure has short cropped hair and is wearing only a tight black athletic boxer shorts. The composition is fully centered, with a wide generous margin on all sides of the figure (top, bottom, left, right) to ensure the character is completely contained inside the frame without touching any edges. High-end, premium fitness application style render. No text, no lines, no labels, no logos. Frontal three-quarter perspective view, holding dumbbells in the starting relaxed stretch phase of step-up. The quadriceps muscles are highlighted in a soft, inactive red-orange color.","Anatomical 3D model illustration of a highly defined, muscular grey male human figure on a solid pure complete black background. The figure has short cropped hair and is wearing only a tight black athletic boxer shorts. The composition is fully centered, with a wide generous margin on all sides of the figure (top, bottom, left, right) to ensure the character is completely contained inside the frame without touching any edges. High-end, premium fitness application style render. No text, no lines, no labels, no logos. Frontal three-quarter perspective view, holding dumbbells at the peak contraction finish phase of step-up, squeezing the muscles tightly. The quadriceps muscles are highlighted in a bright glowing neon red-orange color showing maximum muscle contraction."
"split_squat","Split squat","Cuádriceps","mancuernas","Anatomical 3D model illustration of a highly defined, muscular grey male human figure on a solid pure complete black background. The figure has short cropped hair and is wearing only a tight black athletic boxer shorts. The composition is fully centered, with a wide generous margin on all sides of the figure (top, bottom, left, right) to ensure the character is completely contained inside the frame without touching any edges. High-end, premium fitness application style render. No text, no lines, no labels, no logos. Profile lateral view, holding dumbbells in the starting relaxed stretch phase of split squat. The quadriceps muscles are highlighted in a soft, inactive red-orange color.","Anatomical 3D model illustration of a highly defined, muscular grey male human figure on a solid pure complete black background. The figure has short cropped hair and is wearing only a tight black athletic boxer shorts. The composition is fully centered, with a wide generous margin on all sides of the figure (top, bottom, left, right) to ensure the character is completely contained inside the frame without touching any edges. High-end, premium fitness application style render. No text, no lines, no labels, no logos. Profile lateral view, holding dumbbells at the peak contraction finish phase of split squat, squeezing the muscles tightly. The quadriceps muscles are highlighted in a bright glowing neon red-orange color showing maximum muscle contraction."
"wall_sit","Wall sit","Cuádriceps","peso_corporal","Anatomical 3D model illustration of a highly defined, muscular grey male human figure on a solid pure complete black background. The figure has short cropped hair and is wearing only a tight black athletic boxer shorts. The composition is fully centered, with a wide generous margin on all sides of the figure (top, bottom, left, right) to ensure the character is completely contained inside the frame without touching any edges. High-end, premium fitness application style render. No text, no lines, no labels, no logos. Frontal three-quarter perspective view, in the starting relaxed stretch phase of wall sit. The quadriceps muscles are highlighted in a soft, inactive red-orange color.","Anatomical 3D model illustration of a highly defined, muscular grey male human figure on a solid pure complete black background. The figure has short cropped hair and is wearing only a tight black athletic boxer shorts. The composition is fully centered, with a wide generous margin on all sides of the figure (top, bottom, left, right) to ensure the character is completely contained inside the frame without touching any edges. High-end, premium fitness application style render. No text, no lines, no labels, no logos. Frontal three-quarter perspective view, at the peak contraction finish phase of wall sit, squeezing the target muscles. The quadriceps muscles are highlighted in a bright glowing neon red-orange color showing maximum muscle contraction."
"spanish_squat","Spanish squat","Cuádriceps","bandas","Anatomical 3D model illustration of a highly defined, muscular grey male human figure on a solid pure complete black background. The figure has short cropped hair and is wearing only a tight black athletic boxer shorts. The composition is fully centered, with a wide generous margin on all sides of the figure (top, bottom, left, right) to ensure the character is completely contained inside the frame without touching any edges. High-end, premium fitness application style render. No text, no lines, no labels, no logos. Profile lateral view, in the starting relaxed stretch phase of spanish squat. The quadriceps muscles are highlighted in a soft, inactive red-orange color.","Anatomical 3D model illustration of a highly defined, muscular grey male human figure on a solid pure complete black background. The figure has short cropped hair and is wearing only a tight black athletic boxer shorts. The composition is fully centered, with a wide generous margin on all sides of the figure (top, bottom, left, right) to ensure the character is completely contained inside the frame without touching any edges. High-end, premium fitness application style render. No text, no lines, no labels, no logos. Profile lateral view, at the peak contraction finish phase of spanish squat, squeezing the target muscles. The quadriceps muscles are highlighted in a bright glowing neon red-orange color showing maximum muscle contraction."
"peso_muerto_rumano_barra","Peso muerto rumano con barra","Isquiotibiales","barra","Anatomical 3D model illustration of a highly defined, muscular grey male human figure on a solid pure complete black background. The figure has short cropped hair and is wearing only a tight black athletic boxer shorts. The composition is fully centered, with a wide generous margin on all sides of the figure (top, bottom, left, right) to ensure the character is completely contained inside the frame without touching any edges. High-end, premium fitness application style render. No text, no lines, no labels, no logos. Frontal three-quarter perspective view, holding a barbell in the starting relaxed stretch phase of peso muerto rumano con barra. The hamstrings muscles are highlighted in a soft, inactive red-orange color.","Anatomical 3D model illustration of a highly defined, muscular grey male human figure on a solid pure complete black background. The figure has short cropped hair and is wearing only a tight black athletic boxer shorts. The composition is fully centered, with a wide generous margin on all sides of the figure (top, bottom, left, right) to ensure the character is completely contained inside the frame without touching any edges. High-end, premium fitness application style render. No text, no lines, no labels, no logos. Frontal three-quarter perspective view, holding a barbell at the peak contraction finish phase of peso muerto rumano con barra, squeezing the muscles tightly. The hamstrings muscles are highlighted in a bright glowing neon red-orange color showing maximum muscle contraction."
"peso_muerto_rumano_mancuernas","Peso muerto rumano con mancuernas","Isquiotibiales","mancuernas","Anatomical 3D model illustration of a highly defined, muscular grey male human figure on a solid pure complete black background. The figure has short cropped hair and is wearing only a tight black athletic boxer shorts. The composition is fully centered, with a wide generous margin on all sides of the figure (top, bottom, left, right) to ensure the character is completely contained inside the frame without touching any edges. High-end, premium fitness application style render. No text, no lines, no labels, no logos. Frontal three-quarter perspective view, holding dumbbells in the starting relaxed stretch phase of peso muerto rumano con mancuernas. The hamstrings muscles are highlighted in a soft, inactive red-orange color.","Anatomical 3D model illustration of a highly defined, muscular grey male human figure on a solid pure complete black background. The figure has short cropped hair and is wearing only a tight black athletic boxer shorts. The composition is fully centered, with a wide generous margin on all sides of the figure (top, bottom, left, right) to ensure the character is completely contained inside the frame without touching any edges. High-end, premium fitness application style render. No text, no lines, no labels, no logos. Frontal three-quarter perspective view, holding dumbbells at the peak contraction finish phase of peso muerto rumano con mancuernas, squeezing the muscles tightly. The hamstrings muscles are highlighted in a bright glowing neon red-orange color showing maximum muscle contraction."
"peso_muerto_piernas_rigidas","Peso muerto piernas rígidas","Isquiotibiales","barra","Anatomical 3D model illustration of a highly defined, muscular grey male human figure on a solid pure complete black background. The figure has short cropped hair and is wearing only a tight black athletic boxer shorts. The composition is fully centered, with a wide generous margin on all sides of the figure (top, bottom, left, right) to ensure the character is completely contained inside the frame without touching any edges. High-end, premium fitness application style render. No text, no lines, no labels, no logos. Frontal three-quarter perspective view, holding a barbell in the starting relaxed stretch phase of peso muerto piernas rígidas. The hamstrings muscles are highlighted in a soft, inactive red-orange color.","Anatomical 3D model illustration of a highly defined, muscular grey male human figure on a solid pure complete black background. The figure has short cropped hair and is wearing only a tight black athletic boxer shorts. The composition is fully centered, with a wide generous margin on all sides of the figure (top, bottom, left, right) to ensure the character is completely contained inside the frame without touching any edges. High-end, premium fitness application style render. No text, no lines, no labels, no logos. Frontal three-quarter perspective view, holding a barbell at the peak contraction finish phase of peso muerto piernas rígidas, squeezing the muscles tightly. The hamstrings muscles are highlighted in a bright glowing neon red-orange color showing maximum muscle contraction."
"curl_femoral_acostado","Curl femoral acostado","Isquiotibiales","maquina","Anatomical 3D model illustration of a highly defined, muscular grey male human figure on a solid pure complete black background. The figure has short cropped hair and is wearing only a tight black athletic boxer shorts. The composition is fully centered, with a wide generous margin on all sides of the figure (top, bottom, left, right) to ensure the character is completely contained inside the frame without touching any edges. High-end, premium fitness application style render. No text, no lines, no labels, no logos. Profile lateral view, seated or positioned in a exercise machine, in the starting relaxed stretch phase of curl femoral acostado. The hamstrings muscles are highlighted in a soft, inactive red-orange color.","Anatomical 3D model illustration of a highly defined, muscular grey male human figure on a solid pure complete black background. The figure has short cropped hair and is wearing only a tight black athletic boxer shorts. The composition is fully centered, with a wide generous margin on all sides of the figure (top, bottom, left, right) to ensure the character is completely contained inside the frame without touching any edges. High-end, premium fitness application style render. No text, no lines, no labels, no logos. Profile lateral view, positioned in a exercise machine at the peak contraction finish phase of curl femoral acostado, squeezing the target muscles. The hamstrings muscles are highlighted in a bright glowing neon red-orange color showing maximum muscle contraction."
"curl_femoral_sentado","Curl femoral sentado","Isquiotibiales","maquina","Anatomical 3D model illustration of a highly defined, muscular grey male human figure on a solid pure complete black background. The figure has short cropped hair and is wearing only a tight black athletic boxer shorts. The composition is fully centered, with a wide generous margin on all sides of the figure (top, bottom, left, right) to ensure the character is completely contained inside the frame without touching any edges. High-end, premium fitness application style render. No text, no lines, no labels, no logos. Profile lateral view, seated or positioned in a exercise machine, in the starting relaxed stretch phase of curl femoral sentado. The hamstrings muscles are highlighted in a soft, inactive red-orange color.","Anatomical 3D model illustration of a highly defined, muscular grey male human figure on a solid pure complete black background. The figure has short cropped hair and is wearing only a tight black athletic boxer shorts. The composition is fully centered, with a wide generous margin on all sides of the figure (top, bottom, left, right) to ensure the character is completely contained inside the frame without touching any edges. High-end, premium fitness application style render. No text, no lines, no labels, no logos. Profile lateral view, positioned in a exercise machine at the peak contraction finish phase of curl femoral sentado, squeezing the target muscles. The hamstrings muscles are highlighted in a bright glowing neon red-orange color showing maximum muscle contraction."
"curl_femoral_de_pie","Curl femoral de pie","Isquiotibiales","maquina","Anatomical 3D model illustration of a highly defined, muscular grey male human figure on a solid pure complete black background. The figure has short cropped hair and is wearing only a tight black athletic boxer shorts. The composition is fully centered, with a wide generous margin on all sides of the figure (top, bottom, left, right) to ensure the character is completely contained inside the frame without touching any edges. High-end, premium fitness application style render. No text, no lines, no labels, no logos. Profile lateral view, seated or positioned in a exercise machine, in the starting relaxed stretch phase of curl femoral de pie. The hamstrings muscles are highlighted in a soft, inactive red-orange color.","Anatomical 3D model illustration of a highly defined, muscular grey male human figure on a solid pure complete black background. The figure has short cropped hair and is wearing only a tight black athletic boxer shorts. The composition is fully centered, with a wide generous margin on all sides of the figure (top, bottom, left, right) to ensure the character is completely contained inside the frame without touching any edges. High-end, premium fitness application style render. No text, no lines, no labels, no logos. Profile lateral view, positioned in a exercise machine at the peak contraction finish phase of curl femoral de pie, squeezing the target muscles. The hamstrings muscles are highlighted in a bright glowing neon red-orange color showing maximum muscle contraction."
"curl_femoral_unilateral","Curl femoral unilateral","Isquiotibiales","maquina","Anatomical 3D model illustration of a highly defined, muscular grey male human figure on a solid pure complete black background. The figure has short cropped hair and is wearing only a tight black athletic boxer shorts. The composition is fully centered, with a wide generous margin on all sides of the figure (top, bottom, left, right) to ensure the character is completely contained inside the frame without touching any edges. High-end, premium fitness application style render. No text, no lines, no labels, no logos. Profile lateral view, seated or positioned in a exercise machine, in the starting relaxed stretch phase of curl femoral unilateral. The hamstrings muscles are highlighted in a soft, inactive red-orange color.","Anatomical 3D model illustration of a highly defined, muscular grey male human figure on a solid pure complete black background. The figure has short cropped hair and is wearing only a tight black athletic boxer shorts. The composition is fully centered, with a wide generous margin on all sides of the figure (top, bottom, left, right) to ensure the character is completely contained inside the frame without touching any edges. High-end, premium fitness application style render. No text, no lines, no labels, no logos. Profile lateral view, positioned in a exercise machine at the peak contraction finish phase of curl femoral unilateral, squeezing the target muscles. The hamstrings muscles are highlighted in a bright glowing neon red-orange color showing maximum muscle contraction."
"nordic_curl","Nordic curl","Isquiotibiales","peso_corporal","Anatomical 3D model illustration of a highly defined, muscular grey male human figure on a solid pure complete black background. The figure has short cropped hair and is wearing only a tight black athletic boxer shorts. The composition is fully centered, with a wide generous margin on all sides of the figure (top, bottom, left, right) to ensure the character is completely contained inside the frame without touching any edges. High-end, premium fitness application style render. No text, no lines, no labels, no logos. Frontal three-quarter perspective view, in the starting relaxed stretch phase of nordic curl. The hamstrings muscles are highlighted in a soft, inactive red-orange color.","Anatomical 3D model illustration of a highly defined, muscular grey male human figure on a solid pure complete black background. The figure has short cropped hair and is wearing only a tight black athletic boxer shorts. The composition is fully centered, with a wide generous margin on all sides of the figure (top, bottom, left, right) to ensure the character is completely contained inside the frame without touching any edges. High-end, premium fitness application style render. No text, no lines, no labels, no logos. Frontal three-quarter perspective view, at the peak contraction finish phase of nordic curl, squeezing the target muscles. The hamstrings muscles are highlighted in a bright glowing neon red-orange color showing maximum muscle contraction."
"glute_ham_raise","Glute ham raise","Isquiotibiales","peso_corporal","Anatomical 3D model illustration of a highly defined, muscular grey male human figure on a solid pure complete black background. The figure has short cropped hair and is wearing only a tight black athletic boxer shorts. The composition is fully centered, with a wide generous margin on all sides of the figure (top, bottom, left, right) to ensure the character is completely contained inside the frame without touching any edges. High-end, premium fitness application style render. No text, no lines, no labels, no logos. Frontal three-quarter perspective view, in the starting relaxed stretch phase of glute ham raise. The hamstrings muscles are highlighted in a soft, inactive red-orange color.","Anatomical 3D model illustration of a highly defined, muscular grey male human figure on a solid pure complete black background. The figure has short cropped hair and is wearing only a tight black athletic boxer shorts. The composition is fully centered, with a wide generous margin on all sides of the figure (top, bottom, left, right) to ensure the character is completely contained inside the frame without touching any edges. High-end, premium fitness application style render. No text, no lines, no labels, no logos. Frontal three-quarter perspective view, at the peak contraction finish phase of glute ham raise, squeezing the target muscles. The hamstrings muscles are highlighted in a bright glowing neon red-orange color showing maximum muscle contraction."
"buenos_dias_barra_femorales","Buenos días con barra","Isquiotibiales","barra","Anatomical 3D model illustration of a highly defined, muscular grey male human figure on a solid pure complete black background. The figure has short cropped hair and is wearing only a tight black athletic boxer shorts. The composition is fully centered, with a wide generous margin on all sides of the figure (top, bottom, left, right) to ensure the character is completely contained inside the frame without touching any edges. High-end, premium fitness application style render. No text, no lines, no labels, no logos. Frontal three-quarter perspective view, holding a barbell in the starting relaxed stretch phase of buenos días con barra. The hamstrings muscles are highlighted in a soft, inactive red-orange color.","Anatomical 3D model illustration of a highly defined, muscular grey male human figure on a solid pure complete black background. The figure has short cropped hair and is wearing only a tight black athletic boxer shorts. The composition is fully centered, with a wide generous margin on all sides of the figure (top, bottom, left, right) to ensure the character is completely contained inside the frame without touching any edges. High-end, premium fitness application style render. No text, no lines, no labels, no logos. Frontal three-quarter perspective view, holding a barbell at the peak contraction finish phase of buenos días con barra, squeezing the muscles tightly. The hamstrings muscles are highlighted in a bright glowing neon red-orange color showing maximum muscle contraction."
"pull_through_polea_femorales","Pull-through en polea","Isquiotibiales","poleas","Anatomical 3D model illustration of a highly defined, muscular grey male human figure on a solid pure complete black background. The figure has short cropped hair and is wearing only a tight black athletic boxer shorts. The composition is fully centered, with a wide generous margin on all sides of the figure (top, bottom, left, right) to ensure the character is completely contained inside the frame without touching any edges. High-end, premium fitness application style render. No text, no lines, no labels, no logos. Frontal three-quarter perspective view, holding the cable pulley attachment in the starting relaxed stretch phase of pull-through en polea. The hamstrings muscles are highlighted in a soft, inactive red-orange color.","Anatomical 3D model illustration of a highly defined, muscular grey male human figure on a solid pure complete black background. The figure has short cropped hair and is wearing only a tight black athletic boxer shorts. The composition is fully centered, with a wide generous margin on all sides of the figure (top, bottom, left, right) to ensure the character is completely contained inside the frame without touching any edges. High-end, premium fitness application style render. No text, no lines, no labels, no logos. Frontal three-quarter perspective view, holding the cable pulley attachment at the peak contraction finish phase of pull-through en polea, squeezing the muscles tightly. The hamstrings muscles are highlighted in a bright glowing neon red-orange color showing maximum muscle contraction."
"kettlebell_swing","Kettlebell swing","Isquiotibiales","mancuernas","Anatomical 3D model illustration of a highly defined, muscular grey male human figure on a solid pure complete black background. The figure has short cropped hair and is wearing only a tight black athletic boxer shorts. The composition is fully centered, with a wide generous margin on all sides of the figure (top, bottom, left, right) to ensure the character is completely contained inside the frame without touching any edges. High-end, premium fitness application style render. No text, no lines, no labels, no logos. Frontal three-quarter perspective view, holding dumbbells in the starting relaxed stretch phase of kettlebell swing. The hamstrings muscles are highlighted in a soft, inactive red-orange color.","Anatomical 3D model illustration of a highly defined, muscular grey male human figure on a solid pure complete black background. The figure has short cropped hair and is wearing only a tight black athletic boxer shorts. The composition is fully centered, with a wide generous margin on all sides of the figure (top, bottom, left, right) to ensure the character is completely contained inside the frame without touching any edges. High-end, premium fitness application style render. No text, no lines, no labels, no logos. Frontal three-quarter perspective view, holding dumbbells at the peak contraction finish phase of kettlebell swing, squeezing the muscles tightly. The hamstrings muscles are highlighted in a bright glowing neon red-orange color showing maximum muscle contraction."
"single_leg_rdl_femorales","Single-leg Romanian deadlift","Isquiotibiales","mancuernas","Anatomical 3D model illustration of a highly defined, muscular grey male human figure on a solid pure complete black background. The figure has short cropped hair and is wearing only a tight black athletic boxer shorts. The composition is fully centered, with a wide generous margin on all sides of the figure (top, bottom, left, right) to ensure the character is completely contained inside the frame without touching any edges. High-end, premium fitness application style render. No text, no lines, no labels, no logos. Profile lateral view, holding dumbbells in the starting relaxed stretch phase of single-leg romanian deadlift. The hamstrings muscles are highlighted in a soft, inactive red-orange color.","Anatomical 3D model illustration of a highly defined, muscular grey male human figure on a solid pure complete black background. The figure has short cropped hair and is wearing only a tight black athletic boxer shorts. The composition is fully centered, with a wide generous margin on all sides of the figure (top, bottom, left, right) to ensure the character is completely contained inside the frame without touching any edges. High-end, premium fitness application style render. No text, no lines, no labels, no logos. Profile lateral view, holding dumbbells at the peak contraction finish phase of single-leg romanian deadlift, squeezing the muscles tightly. The hamstrings muscles are highlighted in a bright glowing neon red-orange color showing maximum muscle contraction."
"sliding_leg_curl","Sliding leg curl","Isquiotibiales","peso_corporal","Anatomical 3D model illustration of a highly defined, muscular grey male human figure on a solid pure complete black background. The figure has short cropped hair and is wearing only a tight black athletic boxer shorts. The composition is fully centered, with a wide generous margin on all sides of the figure (top, bottom, left, right) to ensure the character is completely contained inside the frame without touching any edges. High-end, premium fitness application style render. No text, no lines, no labels, no logos. Profile lateral view, in the starting relaxed stretch phase of sliding leg curl. The hamstrings muscles are highlighted in a soft, inactive red-orange color.","Anatomical 3D model illustration of a highly defined, muscular grey male human figure on a solid pure complete black background. The figure has short cropped hair and is wearing only a tight black athletic boxer shorts. The composition is fully centered, with a wide generous margin on all sides of the figure (top, bottom, left, right) to ensure the character is completely contained inside the frame without touching any edges. High-end, premium fitness application style render. No text, no lines, no labels, no logos. Profile lateral view, at the peak contraction finish phase of sliding leg curl, squeezing the target muscles. The hamstrings muscles are highlighted in a bright glowing neon red-orange color showing maximum muscle contraction."
"curl_femoral_fitball","Curl femoral con fitball","Isquiotibiales","peso_corporal","Anatomical 3D model illustration of a highly defined, muscular grey male human figure on a solid pure complete black background. The figure has short cropped hair and is wearing only a tight black athletic boxer shorts. The composition is fully centered, with a wide generous margin on all sides of the figure (top, bottom, left, right) to ensure the character is completely contained inside the frame without touching any edges. High-end, premium fitness application style render. No text, no lines, no labels, no logos. Profile lateral view, in the starting relaxed stretch phase of curl femoral con fitball. The hamstrings muscles are highlighted in a soft, inactive red-orange color.","Anatomical 3D model illustration of a highly defined, muscular grey male human figure on a solid pure complete black background. The figure has short cropped hair and is wearing only a tight black athletic boxer shorts. The composition is fully centered, with a wide generous margin on all sides of the figure (top, bottom, left, right) to ensure the character is completely contained inside the frame without touching any edges. High-end, premium fitness application style render. No text, no lines, no labels, no logos. Profile lateral view, at the peak contraction finish phase of curl femoral con fitball, squeezing the target muscles. The hamstrings muscles are highlighted in a bright glowing neon red-orange color showing maximum muscle contraction."
"maquina_aductores","Máquina de aductores","Aductores","maquina","Anatomical 3D model illustration of a highly defined, muscular grey male human figure on a solid pure complete black background. The figure has short cropped hair and is wearing only a tight black athletic boxer shorts. The composition is fully centered, with a wide generous margin on all sides of the figure (top, bottom, left, right) to ensure the character is completely contained inside the frame without touching any edges. High-end, premium fitness application style render. No text, no lines, no labels, no logos. Frontal three-quarter perspective view, seated or positioned in a exercise machine, in the starting relaxed stretch phase of máquina de aductores. The inner thighs (adductors) muscles are highlighted in a soft, inactive red-orange color.","Anatomical 3D model illustration of a highly defined, muscular grey male human figure on a solid pure complete black background. The figure has short cropped hair and is wearing only a tight black athletic boxer shorts. The composition is fully centered, with a wide generous margin on all sides of the figure (top, bottom, left, right) to ensure the character is completely contained inside the frame without touching any edges. High-end, premium fitness application style render. No text, no lines, no labels, no logos. Frontal three-quarter perspective view, positioned in a exercise machine at the peak contraction finish phase of máquina de aductores, squeezing the target muscles. The inner thighs (adductors) muscles are highlighted in a bright glowing neon red-orange color showing maximum muscle contraction."
"aductor_polea","Aductor en polea","Aductores","poleas","Anatomical 3D model illustration of a highly defined, muscular grey male human figure on a solid pure complete black background. The figure has short cropped hair and is wearing only a tight black athletic boxer shorts. The composition is fully centered, with a wide generous margin on all sides of the figure (top, bottom, left, right) to ensure the character is completely contained inside the frame without touching any edges. High-end, premium fitness application style render. No text, no lines, no labels, no logos. Frontal three-quarter perspective view, holding the cable pulley attachment in the starting relaxed stretch phase of aductor en polea. The inner thighs (adductors) muscles are highlighted in a soft, inactive red-orange color.","Anatomical 3D model illustration of a highly defined, muscular grey male human figure on a solid pure complete black background. The figure has short cropped hair and is wearing only a tight black athletic boxer shorts. The composition is fully centered, with a wide generous margin on all sides of the figure (top, bottom, left, right) to ensure the character is completely contained inside the frame without touching any edges. High-end, premium fitness application style render. No text, no lines, no labels, no logos. Frontal three-quarter perspective view, holding the cable pulley attachment at the peak contraction finish phase of aductor en polea, squeezing the muscles tightly. The inner thighs (adductors) muscles are highlighted in a bright glowing neon red-orange color showing maximum muscle contraction."
"copenhagen_plank","Copenhagen plank","Aductores","peso_corporal","Anatomical 3D model illustration of a highly defined, muscular grey male human figure on a solid pure complete black background. The figure has short cropped hair and is wearing only a tight black athletic boxer shorts. The composition is fully centered, with a wide generous margin on all sides of the figure (top, bottom, left, right) to ensure the character is completely contained inside the frame without touching any edges. High-end, premium fitness application style render. No text, no lines, no labels, no logos. Profile lateral view, in the starting relaxed stretch phase of copenhagen plank. The inner thighs (adductors) muscles are highlighted in a soft, inactive red-orange color.","Anatomical 3D model illustration of a highly defined, muscular grey male human figure on a solid pure complete black background. The figure has short cropped hair and is wearing only a tight black athletic boxer shorts. The composition is fully centered, with a wide generous margin on all sides of the figure (top, bottom, left, right) to ensure the character is completely contained inside the frame without touching any edges. High-end, premium fitness application style render. No text, no lines, no labels, no logos. Profile lateral view, at the peak contraction finish phase of copenhagen plank, squeezing the target muscles. The inner thighs (adductors) muscles are highlighted in a bright glowing neon red-orange color showing maximum muscle contraction."
"sentadilla_sumo","Sentadilla sumo","Aductores","barra","Anatomical 3D model illustration of a highly defined, muscular grey male human figure on a solid pure complete black background. The figure has short cropped hair and is wearing only a tight black athletic boxer shorts. The composition is fully centered, with a wide generous margin on all sides of the figure (top, bottom, left, right) to ensure the character is completely contained inside the frame without touching any edges. High-end, premium fitness application style render. No text, no lines, no labels, no logos. Profile lateral view, holding a barbell in the starting relaxed stretch phase of sentadilla sumo. The inner thighs (adductors) muscles are highlighted in a soft, inactive red-orange color.","Anatomical 3D model illustration of a highly defined, muscular grey male human figure on a solid pure complete black background. The figure has short cropped hair and is wearing only a tight black athletic boxer shorts. The composition is fully centered, with a wide generous margin on all sides of the figure (top, bottom, left, right) to ensure the character is completely contained inside the frame without touching any edges. High-end, premium fitness application style render. No text, no lines, no labels, no logos. Profile lateral view, holding a barbell at the peak contraction finish phase of sentadilla sumo, squeezing the muscles tightly. The inner thighs (adductors) muscles are highlighted in a bright glowing neon red-orange color showing maximum muscle contraction."
"peso_muerto_sumo","Peso muerto sumo","Aductores","barra","Anatomical 3D model illustration of a highly defined, muscular grey male human figure on a solid pure complete black background. The figure has short cropped hair and is wearing only a tight black athletic boxer shorts. The composition is fully centered, with a wide generous margin on all sides of the figure (top, bottom, left, right) to ensure the character is completely contained inside the frame without touching any edges. High-end, premium fitness application style render. No text, no lines, no labels, no logos. Frontal three-quarter perspective view, holding a barbell in the starting relaxed stretch phase of peso muerto sumo. The inner thighs (adductors) muscles are highlighted in a soft, inactive red-orange color.","Anatomical 3D model illustration of a highly defined, muscular grey male human figure on a solid pure complete black background. The figure has short cropped hair and is wearing only a tight black athletic boxer shorts. The composition is fully centered, with a wide generous margin on all sides of the figure (top, bottom, left, right) to ensure the character is completely contained inside the frame without touching any edges. High-end, premium fitness application style render. No text, no lines, no labels, no logos. Frontal three-quarter perspective view, holding a barbell at the peak contraction finish phase of peso muerto sumo, squeezing the muscles tightly. The inner thighs (adductors) muscles are highlighted in a bright glowing neon red-orange color showing maximum muscle contraction."
"zancada_lateral","Zancada lateral","Aductores","mancuernas","Anatomical 3D model illustration of a highly defined, muscular grey male human figure on a solid pure complete black background. The figure has short cropped hair and is wearing only a tight black athletic boxer shorts. The composition is fully centered, with a wide generous margin on all sides of the figure (top, bottom, left, right) to ensure the character is completely contained inside the frame without touching any edges. High-end, premium fitness application style render. No text, no lines, no labels, no logos. Profile lateral view, holding dumbbells in the starting relaxed stretch phase of zancada lateral. The inner thighs (adductors) muscles are highlighted in a soft, inactive red-orange color.","Anatomical 3D model illustration of a highly defined, muscular grey male human figure on a solid pure complete black background. The figure has short cropped hair and is wearing only a tight black athletic boxer shorts. The composition is fully centered, with a wide generous margin on all sides of the figure (top, bottom, left, right) to ensure the character is completely contained inside the frame without touching any edges. High-end, premium fitness application style render. No text, no lines, no labels, no logos. Profile lateral view, holding dumbbells at the peak contraction finish phase of zancada lateral, squeezing the muscles tightly. The inner thighs (adductors) muscles are highlighted in a bright glowing neon red-orange color showing maximum muscle contraction."
"cossack_squat","Cossack squat","Aductores","peso_corporal","Anatomical 3D model illustration of a highly defined, muscular grey male human figure on a solid pure complete black background. The figure has short cropped hair and is wearing only a tight black athletic boxer shorts. The composition is fully centered, with a wide generous margin on all sides of the figure (top, bottom, left, right) to ensure the character is completely contained inside the frame without touching any edges. High-end, premium fitness application style render. No text, no lines, no labels, no logos. Profile lateral view, in the starting relaxed stretch phase of cossack squat. The inner thighs (adductors) muscles are highlighted in a soft, inactive red-orange color.","Anatomical 3D model illustration of a highly defined, muscular grey male human figure on a solid pure complete black background. The figure has short cropped hair and is wearing only a tight black athletic boxer shorts. The composition is fully centered, with a wide generous margin on all sides of the figure (top, bottom, left, right) to ensure the character is completely contained inside the frame without touching any edges. High-end, premium fitness application style render. No text, no lines, no labels, no logos. Profile lateral view, at the peak contraction finish phase of cossack squat, squeezing the target muscles. The inner thighs (adductors) muscles are highlighted in a bright glowing neon red-orange color showing maximum muscle contraction."
"squeeze_pelota_rodillas","Squeeze de pelota entre rodillas","Aductores","peso_corporal","Anatomical 3D model illustration of a highly defined, muscular grey male human figure on a solid pure complete black background. The figure has short cropped hair and is wearing only a tight black athletic boxer shorts. The composition is fully centered, with a wide generous margin on all sides of the figure (top, bottom, left, right) to ensure the character is completely contained inside the frame without touching any edges. High-end, premium fitness application style render. No text, no lines, no labels, no logos. Frontal three-quarter perspective view, in the starting relaxed stretch phase of squeeze de pelota entre rodillas. The inner thighs (adductors) muscles are highlighted in a soft, inactive red-orange color.","Anatomical 3D model illustration of a highly defined, muscular grey male human figure on a solid pure complete black background. The figure has short cropped hair and is wearing only a tight black athletic boxer shorts. The composition is fully centered, with a wide generous margin on all sides of the figure (top, bottom, left, right) to ensure the character is completely contained inside the frame without touching any edges. High-end, premium fitness application style render. No text, no lines, no labels, no logos. Frontal three-quarter perspective view, at the peak contraction finish phase of squeeze de pelota entre rodillas, squeezing the target muscles. The inner thighs (adductors) muscles are highlighted in a bright glowing neon red-orange color showing maximum muscle contraction."
"prensa_postura_amplia","Prensa con postura amplia","Aductores","maquina","Anatomical 3D model illustration of a highly defined, muscular grey male human figure on a solid pure complete black background. The figure has short cropped hair and is wearing only a tight black athletic boxer shorts. The composition is fully centered, with a wide generous margin on all sides of the figure (top, bottom, left, right) to ensure the character is completely contained inside the frame without touching any edges. High-end, premium fitness application style render. No text, no lines, no labels, no logos. Frontal three-quarter perspective view, seated or positioned in a exercise machine, in the starting relaxed stretch phase of prensa con postura amplia. The inner thighs (adductors) muscles are highlighted in a soft, inactive red-orange color.","Anatomical 3D model illustration of a highly defined, muscular grey male human figure on a solid pure complete black background. The figure has short cropped hair and is wearing only a tight black athletic boxer shorts. The composition is fully centered, with a wide generous margin on all sides of the figure (top, bottom, left, right) to ensure the character is completely contained inside the frame without touching any edges. High-end, premium fitness application style render. No text, no lines, no labels, no logos. Frontal three-quarter perspective view, positioned in a exercise machine at the peak contraction finish phase of prensa con postura amplia, squeezing the target muscles. The inner thighs (adductors) muscles are highlighted in a bright glowing neon red-orange color showing maximum muscle contraction."
"aductor_banda","Aductor con banda","Aductores","bandas","Anatomical 3D model illustration of a highly defined, muscular grey male human figure on a solid pure complete black background. The figure has short cropped hair and is wearing only a tight black athletic boxer shorts. The composition is fully centered, with a wide generous margin on all sides of the figure (top, bottom, left, right) to ensure the character is completely contained inside the frame without touching any edges. High-end, premium fitness application style render. No text, no lines, no labels, no logos. Frontal three-quarter perspective view, in the starting relaxed stretch phase of aductor con banda. The inner thighs (adductors) muscles are highlighted in a soft, inactive red-orange color.","Anatomical 3D model illustration of a highly defined, muscular grey male human figure on a solid pure complete black background. The figure has short cropped hair and is wearing only a tight black athletic boxer shorts. The composition is fully centered, with a wide generous margin on all sides of the figure (top, bottom, left, right) to ensure the character is completely contained inside the frame without touching any edges. High-end, premium fitness application style render. No text, no lines, no labels, no logos. Frontal three-quarter perspective view, at the peak contraction finish phase of aductor con banda, squeezing the target muscles. The inner thighs (adductors) muscles are highlighted in a bright glowing neon red-orange color showing maximum muscle contraction."
"maquina_abductores","Máquina de abductores","Abductores","maquina","Anatomical 3D model illustration of a highly defined, muscular grey male human figure on a solid pure complete black background. The figure has short cropped hair and is wearing only a tight black athletic boxer shorts. The composition is fully centered, with a wide generous margin on all sides of the figure (top, bottom, left, right) to ensure the character is completely contained inside the frame without touching any edges. High-end, premium fitness application style render. No text, no lines, no labels, no logos. Frontal three-quarter perspective view, seated or positioned in a exercise machine, in the starting relaxed stretch phase of máquina de abductores. The outer thighs (abductors) muscles are highlighted in a soft, inactive red-orange color.","Anatomical 3D model illustration of a highly defined, muscular grey male human figure on a solid pure complete black background. The figure has short cropped hair and is wearing only a tight black athletic boxer shorts. The composition is fully centered, with a wide generous margin on all sides of the figure (top, bottom, left, right) to ensure the character is completely contained inside the frame without touching any edges. High-end, premium fitness application style render. No text, no lines, no labels, no logos. Frontal three-quarter perspective view, positioned in a exercise machine at the peak contraction finish phase of máquina de abductores, squeezing the target muscles. The outer thighs (abductors) muscles are highlighted in a bright glowing neon red-orange color showing maximum muscle contraction."
"abduccion_polea","Abducción en polea","Abductores","poleas","Anatomical 3D model illustration of a highly defined, muscular grey male human figure on a solid pure complete black background. The figure has short cropped hair and is wearing only a tight black athletic boxer shorts. The composition is fully centered, with a wide generous margin on all sides of the figure (top, bottom, left, right) to ensure the character is completely contained inside the frame without touching any edges. High-end, premium fitness application style render. No text, no lines, no labels, no logos. Frontal three-quarter perspective view, holding the cable pulley attachment in the starting relaxed stretch phase of abducción en polea. The outer thighs (abductors) muscles are highlighted in a soft, inactive red-orange color.","Anatomical 3D model illustration of a highly defined, muscular grey male human figure on a solid pure complete black background. The figure has short cropped hair and is wearing only a tight black athletic boxer shorts. The composition is fully centered, with a wide generous margin on all sides of the figure (top, bottom, left, right) to ensure the character is completely contained inside the frame without touching any edges. High-end, premium fitness application style render. No text, no lines, no labels, no logos. Frontal three-quarter perspective view, holding the cable pulley attachment at the peak contraction finish phase of abducción en polea, squeezing the muscles tightly. The outer thighs (abductors) muscles are highlighted in a bright glowing neon red-orange color showing maximum muscle contraction."
"abduccion_banda_pie","Abducción con banda de pie","Abductores","bandas","Anatomical 3D model illustration of a highly defined, muscular grey male human figure on a solid pure complete black background. The figure has short cropped hair and is wearing only a tight black athletic boxer shorts. The composition is fully centered, with a wide generous margin on all sides of the figure (top, bottom, left, right) to ensure the character is completely contained inside the frame without touching any edges. High-end, premium fitness application style render. No text, no lines, no labels, no logos. Frontal three-quarter perspective view, in the starting relaxed stretch phase of abducción con banda de pie. The outer thighs (abductors) muscles are highlighted in a soft, inactive red-orange color.","Anatomical 3D model illustration of a highly defined, muscular grey male human figure on a solid pure complete black background. The figure has short cropped hair and is wearing only a tight black athletic boxer shorts. The composition is fully centered, with a wide generous margin on all sides of the figure (top, bottom, left, right) to ensure the character is completely contained inside the frame without touching any edges. High-end, premium fitness application style render. No text, no lines, no labels, no logos. Frontal three-quarter perspective view, at the peak contraction finish phase of abducción con banda de pie, squeezing the target muscles. The outer thighs (abductors) muscles are highlighted in a bright glowing neon red-orange color showing maximum muscle contraction."
"abduccion_acostado_lateral","Abducción acostado lateral","Abductores","peso_corporal","Anatomical 3D model illustration of a highly defined, muscular grey male human figure on a solid pure complete black background. The figure has short cropped hair and is wearing only a tight black athletic boxer shorts. The composition is fully centered, with a wide generous margin on all sides of the figure (top, bottom, left, right) to ensure the character is completely contained inside the frame without touching any edges. High-end, premium fitness application style render. No text, no lines, no labels, no logos. Frontal three-quarter perspective view, in the starting relaxed stretch phase of abducción acostado lateral. The outer thighs (abductors) muscles are highlighted in a soft, inactive red-orange color.","Anatomical 3D model illustration of a highly defined, muscular grey male human figure on a solid pure complete black background. The figure has short cropped hair and is wearing only a tight black athletic boxer shorts. The composition is fully centered, with a wide generous margin on all sides of the figure (top, bottom, left, right) to ensure the character is completely contained inside the frame without touching any edges. High-end, premium fitness application style render. No text, no lines, no labels, no logos. Frontal three-quarter perspective view, at the peak contraction finish phase of abducción acostado lateral, squeezing the target muscles. The outer thighs (abductors) muscles are highlighted in a bright glowing neon red-orange color showing maximum muscle contraction."
"clamshell","Clamshell","Abductores","peso_corporal","Anatomical 3D model illustration of a highly defined, muscular grey male human figure on a solid pure complete black background. The figure has short cropped hair and is wearing only a tight black athletic boxer shorts. The composition is fully centered, with a wide generous margin on all sides of the figure (top, bottom, left, right) to ensure the character is completely contained inside the frame without touching any edges. High-end, premium fitness application style render. No text, no lines, no labels, no logos. Frontal three-quarter perspective view, in the starting relaxed stretch phase of clamshell. The outer thighs (abductors) muscles are highlighted in a soft, inactive red-orange color.","Anatomical 3D model illustration of a highly defined, muscular grey male human figure on a solid pure complete black background. The figure has short cropped hair and is wearing only a tight black athletic boxer shorts. The composition is fully centered, with a wide generous margin on all sides of the figure (top, bottom, left, right) to ensure the character is completely contained inside the frame without touching any edges. High-end, premium fitness application style render. No text, no lines, no labels, no logos. Frontal three-quarter perspective view, at the peak contraction finish phase of clamshell, squeezing the target muscles. The outer thighs (abductors) muscles are highlighted in a bright glowing neon red-orange color showing maximum muscle contraction."
"caminata_lateral_banda_abductores","Caminata lateral con banda","Abductores","bandas","Anatomical 3D model illustration of a highly defined, muscular grey male human figure on a solid pure complete black background. The figure has short cropped hair and is wearing only a tight black athletic boxer shorts. The composition is fully centered, with a wide generous margin on all sides of the figure (top, bottom, left, right) to ensure the character is completely contained inside the frame without touching any edges. High-end, premium fitness application style render. No text, no lines, no labels, no logos. Frontal three-quarter perspective view, in the starting relaxed stretch phase of caminata lateral con banda. The outer thighs (abductors) muscles are highlighted in a soft, inactive red-orange color.","Anatomical 3D model illustration of a highly defined, muscular grey male human figure on a solid pure complete black background. The figure has short cropped hair and is wearing only a tight black athletic boxer shorts. The composition is fully centered, with a wide generous margin on all sides of the figure (top, bottom, left, right) to ensure the character is completely contained inside the frame without touching any edges. High-end, premium fitness application style render. No text, no lines, no labels, no logos. Frontal three-quarter perspective view, at the peak contraction finish phase of caminata lateral con banda, squeezing the target muscles. The outer thighs (abductors) muscles are highlighted in a bright glowing neon red-orange color showing maximum muscle contraction."
"monster_walk","Monster walk","Abductores","bandas","Anatomical 3D model illustration of a highly defined, muscular grey male human figure on a solid pure complete black background. The figure has short cropped hair and is wearing only a tight black athletic boxer shorts. The composition is fully centered, with a wide generous margin on all sides of the figure (top, bottom, left, right) to ensure the character is completely contained inside the frame without touching any edges. High-end, premium fitness application style render. No text, no lines, no labels, no logos. Frontal three-quarter perspective view, in the starting relaxed stretch phase of monster walk. The outer thighs (abductors) muscles are highlighted in a soft, inactive red-orange color.","Anatomical 3D model illustration of a highly defined, muscular grey male human figure on a solid pure complete black background. The figure has short cropped hair and is wearing only a tight black athletic boxer shorts. The composition is fully centered, with a wide generous margin on all sides of the figure (top, bottom, left, right) to ensure the character is completely contained inside the frame without touching any edges. High-end, premium fitness application style render. No text, no lines, no labels, no logos. Frontal three-quarter perspective view, at the peak contraction finish phase of monster walk, squeezing the target muscles. The outer thighs (abductors) muscles are highlighted in a bright glowing neon red-orange color showing maximum muscle contraction."
"fire_hydrants","Fire hydrants","Abductores","peso_corporal","Anatomical 3D model illustration of a highly defined, muscular grey male human figure on a solid pure complete black background. The figure has short cropped hair and is wearing only a tight black athletic boxer shorts. The composition is fully centered, with a wide generous margin on all sides of the figure (top, bottom, left, right) to ensure the character is completely contained inside the frame without touching any edges. High-end, premium fitness application style render. No text, no lines, no labels, no logos. Frontal three-quarter perspective view, in the starting relaxed stretch phase of fire hydrants. The outer thighs (abductors) muscles are highlighted in a soft, inactive red-orange color.","Anatomical 3D model illustration of a highly defined, muscular grey male human figure on a solid pure complete black background. The figure has short cropped hair and is wearing only a tight black athletic boxer shorts. The composition is fully centered, with a wide generous margin on all sides of the figure (top, bottom, left, right) to ensure the character is completely contained inside the frame without touching any edges. High-end, premium fitness application style render. No text, no lines, no labels, no logos. Frontal three-quarter perspective view, at the peak contraction finish phase of fire hydrants, squeezing the target muscles. The outer thighs (abductors) muscles are highlighted in a bright glowing neon red-orange color showing maximum muscle contraction."
"side_plank_abduction","Side plank abduction","Abductores","peso_corporal","Anatomical 3D model illustration of a highly defined, muscular grey male human figure on a solid pure complete black background. The figure has short cropped hair and is wearing only a tight black athletic boxer shorts. The composition is fully centered, with a wide generous margin on all sides of the figure (top, bottom, left, right) to ensure the character is completely contained inside the frame without touching any edges. High-end, premium fitness application style render. No text, no lines, no labels, no logos. Profile lateral view, in the starting relaxed stretch phase of side plank abduction. The outer thighs (abductors) muscles are highlighted in a soft, inactive red-orange color.","Anatomical 3D model illustration of a highly defined, muscular grey male human figure on a solid pure complete black background. The figure has short cropped hair and is wearing only a tight black athletic boxer shorts. The composition is fully centered, with a wide generous margin on all sides of the figure (top, bottom, left, right) to ensure the character is completely contained inside the frame without touching any edges. High-end, premium fitness application style render. No text, no lines, no labels, no logos. Profile lateral view, at the peak contraction finish phase of side plank abduction, squeezing the target muscles. The outer thighs (abductors) muscles are highlighted in a bright glowing neon red-orange color showing maximum muscle contraction."
"step_up_lateral","Step-up lateral","Abductores","mancuernas","Anatomical 3D model illustration of a highly defined, muscular grey male human figure on a solid pure complete black background. The figure has short cropped hair and is wearing only a tight black athletic boxer shorts. The composition is fully centered, with a wide generous margin on all sides of the figure (top, bottom, left, right) to ensure the character is completely contained inside the frame without touching any edges. High-end, premium fitness application style render. No text, no lines, no labels, no logos. Frontal three-quarter perspective view, holding dumbbells in the starting relaxed stretch phase of step-up lateral. The outer thighs (abductors) muscles are highlighted in a soft, inactive red-orange color.","Anatomical 3D model illustration of a highly defined, muscular grey male human figure on a solid pure complete black background. The figure has short cropped hair and is wearing only a tight black athletic boxer shorts. The composition is fully centered, with a wide generous margin on all sides of the figure (top, bottom, left, right) to ensure the character is completely contained inside the frame without touching any edges. High-end, premium fitness application style render. No text, no lines, no labels, no logos. Frontal three-quarter perspective view, holding dumbbells at the peak contraction finish phase of step-up lateral, squeezing the muscles tightly. The outer thighs (abductors) muscles are highlighted in a bright glowing neon red-orange color showing maximum muscle contraction."
"elevacion_talones_pie","Elevación de talones de pie","Pantorrillas","mancuernas","Anatomical 3D model illustration of a highly defined, muscular grey male human figure on a solid pure complete black background. The figure has short cropped hair and is wearing only a tight black athletic boxer shorts. The composition is fully centered, with a wide generous margin on all sides of the figure (top, bottom, left, right) to ensure the character is completely contained inside the frame without touching any edges. High-end, premium fitness application style render. No text, no lines, no labels, no logos. Frontal three-quarter perspective view, holding dumbbells in the starting relaxed stretch phase of elevación de talones de pie. The calves (gastrocnemius and soleus) muscles are highlighted in a soft, inactive red-orange color.","Anatomical 3D model illustration of a highly defined, muscular grey male human figure on a solid pure complete black background. The figure has short cropped hair and is wearing only a tight black athletic boxer shorts. The composition is fully centered, with a wide generous margin on all sides of the figure (top, bottom, left, right) to ensure the character is completely contained inside the frame without touching any edges. High-end, premium fitness application style render. No text, no lines, no labels, no logos. Frontal three-quarter perspective view, holding dumbbells at the peak contraction finish phase of elevación de talones de pie, squeezing the muscles tightly. The calves (gastrocnemius and soleus) muscles are highlighted in a bright glowing neon red-orange color showing maximum muscle contraction."
"elevacion_talones_maquina","Elevación de talones en máquina","Pantorrillas","maquina","Anatomical 3D model illustration of a highly defined, muscular grey male human figure on a solid pure complete black background. The figure has short cropped hair and is wearing only a tight black athletic boxer shorts. The composition is fully centered, with a wide generous margin on all sides of the figure (top, bottom, left, right) to ensure the character is completely contained inside the frame without touching any edges. High-end, premium fitness application style render. No text, no lines, no labels, no logos. Frontal three-quarter perspective view, seated or positioned in a exercise machine, in the starting relaxed stretch phase of elevación de talones en máquina. The calves (gastrocnemius and soleus) muscles are highlighted in a soft, inactive red-orange color.","Anatomical 3D model illustration of a highly defined, muscular grey male human figure on a solid pure complete black background. The figure has short cropped hair and is wearing only a tight black athletic boxer shorts. The composition is fully centered, with a wide generous margin on all sides of the figure (top, bottom, left, right) to ensure the character is completely contained inside the frame without touching any edges. High-end, premium fitness application style render. No text, no lines, no labels, no logos. Frontal three-quarter perspective view, positioned in a exercise machine at the peak contraction finish phase of elevación de talones en máquina, squeezing the target muscles. The calves (gastrocnemius and soleus) muscles are highlighted in a bright glowing neon red-orange color showing maximum muscle contraction."
"elevacion_talones_smith","Elevación de talones en Smith","Pantorrillas","maquina","Anatomical 3D model illustration of a highly defined, muscular grey male human figure on a solid pure complete black background. The figure has short cropped hair and is wearing only a tight black athletic boxer shorts. The composition is fully centered, with a wide generous margin on all sides of the figure (top, bottom, left, right) to ensure the character is completely contained inside the frame without touching any edges. High-end, premium fitness application style render. No text, no lines, no labels, no logos. Frontal three-quarter perspective view, seated or positioned in a exercise machine, in the starting relaxed stretch phase of elevación de talones en smith. The calves (gastrocnemius and soleus) muscles are highlighted in a soft, inactive red-orange color.","Anatomical 3D model illustration of a highly defined, muscular grey male human figure on a solid pure complete black background. The figure has short cropped hair and is wearing only a tight black athletic boxer shorts. The composition is fully centered, with a wide generous margin on all sides of the figure (top, bottom, left, right) to ensure the character is completely contained inside the frame without touching any edges. High-end, premium fitness application style render. No text, no lines, no labels, no logos. Frontal three-quarter perspective view, positioned in a exercise machine at the peak contraction finish phase of elevación de talones en smith, squeezing the target muscles. The calves (gastrocnemius and soleus) muscles are highlighted in a bright glowing neon red-orange color showing maximum muscle contraction."
"elevacion_unilateral_talon","Elevación unilateral de talón","Pantorrillas","mancuernas","Anatomical 3D model illustration of a highly defined, muscular grey male human figure on a solid pure complete black background. The figure has short cropped hair and is wearing only a tight black athletic boxer shorts. The composition is fully centered, with a wide generous margin on all sides of the figure (top, bottom, left, right) to ensure the character is completely contained inside the frame without touching any edges. High-end, premium fitness application style render. No text, no lines, no labels, no logos. Frontal three-quarter perspective view, holding dumbbells in the starting relaxed stretch phase of elevación unilateral de talón. The calves (gastrocnemius and soleus) muscles are highlighted in a soft, inactive red-orange color.","Anatomical 3D model illustration of a highly defined, muscular grey male human figure on a solid pure complete black background. The figure has short cropped hair and is wearing only a tight black athletic boxer shorts. The composition is fully centered, with a wide generous margin on all sides of the figure (top, bottom, left, right) to ensure the character is completely contained inside the frame without touching any edges. High-end, premium fitness application style render. No text, no lines, no labels, no logos. Frontal three-quarter perspective view, holding dumbbells at the peak contraction finish phase of elevación unilateral de talón, squeezing the muscles tightly. The calves (gastrocnemius and soleus) muscles are highlighted in a bright glowing neon red-orange color showing maximum muscle contraction."
"elevacion_talones_prensa","Elevación de talones en prensa","Pantorrillas","maquina","Anatomical 3D model illustration of a highly defined, muscular grey male human figure on a solid pure complete black background. The figure has short cropped hair and is wearing only a tight black athletic boxer shorts. The composition is fully centered, with a wide generous margin on all sides of the figure (top, bottom, left, right) to ensure the character is completely contained inside the frame without touching any edges. High-end, premium fitness application style render. No text, no lines, no labels, no logos. Frontal three-quarter perspective view, seated or positioned in a exercise machine, in the starting relaxed stretch phase of elevación de talones en prensa. The calves (gastrocnemius and soleus) muscles are highlighted in a soft, inactive red-orange color.","Anatomical 3D model illustration of a highly defined, muscular grey male human figure on a solid pure complete black background. The figure has short cropped hair and is wearing only a tight black athletic boxer shorts. The composition is fully centered, with a wide generous margin on all sides of the figure (top, bottom, left, right) to ensure the character is completely contained inside the frame without touching any edges. High-end, premium fitness application style render. No text, no lines, no labels, no logos. Frontal three-quarter perspective view, positioned in a exercise machine at the peak contraction finish phase of elevación de talones en prensa, squeezing the target muscles. The calves (gastrocnemius and soleus) muscles are highlighted in a bright glowing neon red-orange color showing maximum muscle contraction."
"elevacion_talones_sentado","Elevación de talones sentado","Pantorrillas","mancuernas","Anatomical 3D model illustration of a highly defined, muscular grey male human figure on a solid pure complete black background. The figure has short cropped hair and is wearing only a tight black athletic boxer shorts. The composition is fully centered, with a wide generous margin on all sides of the figure (top, bottom, left, right) to ensure the character is completely contained inside the frame without touching any edges. High-end, premium fitness application style render. No text, no lines, no labels, no logos. Frontal three-quarter perspective view, holding dumbbells in the starting relaxed stretch phase of elevación de talones sentado. The calves (gastrocnemius and soleus) muscles are highlighted in a soft, inactive red-orange color.","Anatomical 3D model illustration of a highly defined, muscular grey male human figure on a solid pure complete black background. The figure has short cropped hair and is wearing only a tight black athletic boxer shorts. The composition is fully centered, with a wide generous margin on all sides of the figure (top, bottom, left, right) to ensure the character is completely contained inside the frame without touching any edges. High-end, premium fitness application style render. No text, no lines, no labels, no logos. Frontal three-quarter perspective view, holding dumbbells at the peak contraction finish phase of elevación de talones sentado, squeezing the muscles tightly. The calves (gastrocnemius and soleus) muscles are highlighted in a bright glowing neon red-orange color showing maximum muscle contraction."
"elevacion_sentado_mancuernas","Elevación sentado con mancuernas","Pantorrillas","mancuernas","Anatomical 3D model illustration of a highly defined, muscular grey male human figure on a solid pure complete black background. The figure has short cropped hair and is wearing only a tight black athletic boxer shorts. The composition is fully centered, with a wide generous margin on all sides of the figure (top, bottom, left, right) to ensure the character is completely contained inside the frame without touching any edges. High-end, premium fitness application style render. No text, no lines, no labels, no logos. Frontal three-quarter perspective view, holding dumbbells in the starting relaxed stretch phase of elevación sentado con mancuernas. The calves (gastrocnemius and soleus) muscles are highlighted in a soft, inactive red-orange color.","Anatomical 3D model illustration of a highly defined, muscular grey male human figure on a solid pure complete black background. The figure has short cropped hair and is wearing only a tight black athletic boxer shorts. The composition is fully centered, with a wide generous margin on all sides of the figure (top, bottom, left, right) to ensure the character is completely contained inside the frame without touching any edges. High-end, premium fitness application style render. No text, no lines, no labels, no logos. Frontal three-quarter perspective view, holding dumbbells at the peak contraction finish phase of elevación sentado con mancuernas, squeezing the muscles tightly. The calves (gastrocnemius and soleus) muscles are highlighted in a bright glowing neon red-orange color showing maximum muscle contraction."
"elevacion_sentado_maquina","Elevación sentado en máquina","Pantorrillas","maquina","Anatomical 3D model illustration of a highly defined, muscular grey male human figure on a solid pure complete black background. The figure has short cropped hair and is wearing only a tight black athletic boxer shorts. The composition is fully centered, with a wide generous margin on all sides of the figure (top, bottom, left, right) to ensure the character is completely contained inside the frame without touching any edges. High-end, premium fitness application style render. No text, no lines, no labels, no logos. Frontal three-quarter perspective view, seated or positioned in a exercise machine, in the starting relaxed stretch phase of elevación sentado en máquina. The calves (gastrocnemius and soleus) muscles are highlighted in a soft, inactive red-orange color.","Anatomical 3D model illustration of a highly defined, muscular grey male human figure on a solid pure complete black background. The figure has short cropped hair and is wearing only a tight black athletic boxer shorts. The composition is fully centered, with a wide generous margin on all sides of the figure (top, bottom, left, right) to ensure the character is completely contained inside the frame without touching any edges. High-end, premium fitness application style render. No text, no lines, no labels, no logos. Frontal three-quarter perspective view, positioned in a exercise machine at the peak contraction finish phase of elevación sentado en máquina, squeezing the target muscles. The calves (gastrocnemius and soleus) muscles are highlighted in a bright glowing neon red-orange color showing maximum muscle contraction."
"calf_raise_sentado_unilateral","Calf raise sentado unilateral","Pantorrillas","mancuernas","Anatomical 3D model illustration of a highly defined, muscular grey male human figure on a solid pure complete black background. The figure has short cropped hair and is wearing only a tight black athletic boxer shorts. The composition is fully centered, with a wide generous margin on all sides of the figure (top, bottom, left, right) to ensure the character is completely contained inside the frame without touching any edges. High-end, premium fitness application style render. No text, no lines, no labels, no logos. Frontal three-quarter perspective view, holding dumbbells in the starting relaxed stretch phase of calf raise sentado unilateral. The calves (gastrocnemius and soleus) muscles are highlighted in a soft, inactive red-orange color.","Anatomical 3D model illustration of a highly defined, muscular grey male human figure on a solid pure complete black background. The figure has short cropped hair and is wearing only a tight black athletic boxer shorts. The composition is fully centered, with a wide generous margin on all sides of the figure (top, bottom, left, right) to ensure the character is completely contained inside the frame without touching any edges. High-end, premium fitness application style render. No text, no lines, no labels, no logos. Frontal three-quarter perspective view, holding dumbbells at the peak contraction finish phase of calf raise sentado unilateral, squeezing the muscles tightly. The calves (gastrocnemius and soleus) muscles are highlighted in a bright glowing neon red-orange color showing maximum muscle contraction."
"tibialis_raise_pared","Tibialis raise contra pared","Pantorrillas","peso_corporal","Anatomical 3D model illustration of a highly defined, muscular grey male human figure on a solid pure complete black background. The figure has short cropped hair and is wearing only a tight black athletic boxer shorts. The composition is fully centered, with a wide generous margin on all sides of the figure (top, bottom, left, right) to ensure the character is completely contained inside the frame without touching any edges. High-end, premium fitness application style render. No text, no lines, no labels, no logos. Frontal three-quarter perspective view, in the starting relaxed stretch phase of tibialis raise contra pared. The calves (gastrocnemius and soleus) muscles are highlighted in a soft, inactive red-orange color.","Anatomical 3D model illustration of a highly defined, muscular grey male human figure on a solid pure complete black background. The figure has short cropped hair and is wearing only a tight black athletic boxer shorts. The composition is fully centered, with a wide generous margin on all sides of the figure (top, bottom, left, right) to ensure the character is completely contained inside the frame without touching any edges. High-end, premium fitness application style render. No text, no lines, no labels, no logos. Frontal three-quarter perspective view, at the peak contraction finish phase of tibialis raise contra pared, squeezing the target muscles. The calves (gastrocnemius and soleus) muscles are highlighted in a bright glowing neon red-orange color showing maximum muscle contraction."
"dorsiflexion_banda","Dorsiflexión con banda","Pantorrillas","bandas","Anatomical 3D model illustration of a highly defined, muscular grey male human figure on a solid pure complete black background. The figure has short cropped hair and is wearing only a tight black athletic boxer shorts. The composition is fully centered, with a wide generous margin on all sides of the figure (top, bottom, left, right) to ensure the character is completely contained inside the frame without touching any edges. High-end, premium fitness application style render. No text, no lines, no labels, no logos. Frontal three-quarter perspective view, in the starting relaxed stretch phase of dorsiflexión con banda. The calves (gastrocnemius and soleus) muscles are highlighted in a soft, inactive red-orange color.","Anatomical 3D model illustration of a highly defined, muscular grey male human figure on a solid pure complete black background. The figure has short cropped hair and is wearing only a tight black athletic boxer shorts. The composition is fully centered, with a wide generous margin on all sides of the figure (top, bottom, left, right) to ensure the character is completely contained inside the frame without touching any edges. High-end, premium fitness application style render. No text, no lines, no labels, no logos. Frontal three-quarter perspective view, at the peak contraction finish phase of dorsiflexión con banda, squeezing the target muscles. The calves (gastrocnemius and soleus) muscles are highlighted in a bright glowing neon red-orange color showing maximum muscle contraction."
"caminata_talones","Caminata sobre talones","Pantorrillas","peso_corporal","Anatomical 3D model illustration of a highly defined, muscular grey male human figure on a solid pure complete black background. The figure has short cropped hair and is wearing only a tight black athletic boxer shorts. The composition is fully centered, with a wide generous margin on all sides of the figure (top, bottom, left, right) to ensure the character is completely contained inside the frame without touching any edges. High-end, premium fitness application style render. No text, no lines, no labels, no logos. Frontal three-quarter perspective view, in the starting relaxed stretch phase of caminata sobre talones. The calves (gastrocnemius and soleus) muscles are highlighted in a soft, inactive red-orange color.","Anatomical 3D model illustration of a highly defined, muscular grey male human figure on a solid pure complete black background. The figure has short cropped hair and is wearing only a tight black athletic boxer shorts. The composition is fully centered, with a wide generous margin on all sides of the figure (top, bottom, left, right) to ensure the character is completely contained inside the frame without touching any edges. High-end, premium fitness application style render. No text, no lines, no labels, no logos. Frontal three-quarter perspective view, at the peak contraction finish phase of caminata sobre talones, squeezing the target muscles. The calves (gastrocnemius and soleus) muscles are highlighted in a bright glowing neon red-orange color showing maximum muscle contraction."
"reverse_calf_raise","Reverse calf raise","Pantorrillas","peso_corporal","Anatomical 3D model illustration of a highly defined, muscular grey male human figure on a solid pure complete black background. The figure has short cropped hair and is wearing only a tight black athletic boxer shorts. The composition is fully centered, with a wide generous margin on all sides of the figure (top, bottom, left, right) to ensure the character is completely contained inside the frame without touching any edges. High-end, premium fitness application style render. No text, no lines, no labels, no logos. Frontal three-quarter perspective view, in the starting relaxed stretch phase of reverse calf raise. The calves (gastrocnemius and soleus) muscles are highlighted in a soft, inactive red-orange color.","Anatomical 3D model illustration of a highly defined, muscular grey male human figure on a solid pure complete black background. The figure has short cropped hair and is wearing only a tight black athletic boxer shorts. The composition is fully centered, with a wide generous margin on all sides of the figure (top, bottom, left, right) to ensure the character is completely contained inside the frame without touching any edges. High-end, premium fitness application style render. No text, no lines, no labels, no logos. Frontal three-quarter perspective view, at the peak contraction finish phase of reverse calf raise, squeezing the target muscles. The calves (gastrocnemius and soleus) muscles are highlighted in a bright glowing neon red-orange color showing maximum muscle contraction."
"encogimientos_barra","Encogimientos con barra","Trapecio/Cuello","barra","Anatomical 3D model illustration of a highly defined, muscular grey male human figure on a solid pure complete black background. The figure has short cropped hair and is wearing only a tight black athletic boxer shorts. The composition is fully centered, with a wide generous margin on all sides of the figure (top, bottom, left, right) to ensure the character is completely contained inside the frame without touching any edges. High-end, premium fitness application style render. No text, no lines, no labels, no logos. Back view, holding a barbell in the starting relaxed stretch phase of encogimientos con barra. The trapezius and neck muscles are highlighted in a soft, inactive red-orange color.","Anatomical 3D model illustration of a highly defined, muscular grey male human figure on a solid pure complete black background. The figure has short cropped hair and is wearing only a tight black athletic boxer shorts. The composition is fully centered, with a wide generous margin on all sides of the figure (top, bottom, left, right) to ensure the character is completely contained inside the frame without touching any edges. High-end, premium fitness application style render. No text, no lines, no labels, no logos. Back view, holding a barbell at the peak contraction finish phase of encogimientos con barra, squeezing the muscles tightly. The trapezius and neck muscles are highlighted in a bright glowing neon red-orange color showing maximum muscle contraction."
"encogimientos_mancuernas","Encogimientos con mancuernas","Trapecio/Cuello","mancuernas","Anatomical 3D model illustration of a highly defined, muscular grey male human figure on a solid pure complete black background. The figure has short cropped hair and is wearing only a tight black athletic boxer shorts. The composition is fully centered, with a wide generous margin on all sides of the figure (top, bottom, left, right) to ensure the character is completely contained inside the frame without touching any edges. High-end, premium fitness application style render. No text, no lines, no labels, no logos. Back view, holding dumbbells in the starting relaxed stretch phase of encogimientos con mancuernas. The trapezius and neck muscles are highlighted in a soft, inactive red-orange color.","Anatomical 3D model illustration of a highly defined, muscular grey male human figure on a solid pure complete black background. The figure has short cropped hair and is wearing only a tight black athletic boxer shorts. The composition is fully centered, with a wide generous margin on all sides of the figure (top, bottom, left, right) to ensure the character is completely contained inside the frame without touching any edges. High-end, premium fitness application style render. No text, no lines, no labels, no logos. Back view, holding dumbbells at the peak contraction finish phase of encogimientos con mancuernas, squeezing the muscles tightly. The trapezius and neck muscles are highlighted in a bright glowing neon red-orange color showing maximum muscle contraction."
"encogimientos_maquina","Encogimientos en máquina","Trapecio/Cuello","maquina","Anatomical 3D model illustration of a highly defined, muscular grey male human figure on a solid pure complete black background. The figure has short cropped hair and is wearing only a tight black athletic boxer shorts. The composition is fully centered, with a wide generous margin on all sides of the figure (top, bottom, left, right) to ensure the character is completely contained inside the frame without touching any edges. High-end, premium fitness application style render. No text, no lines, no labels, no logos. Back view, seated or positioned in a exercise machine, in the starting relaxed stretch phase of encogimientos en máquina. The trapezius and neck muscles are highlighted in a soft, inactive red-orange color.","Anatomical 3D model illustration of a highly defined, muscular grey male human figure on a solid pure complete black background. The figure has short cropped hair and is wearing only a tight black athletic boxer shorts. The composition is fully centered, with a wide generous margin on all sides of the figure (top, bottom, left, right) to ensure the character is completely contained inside the frame without touching any edges. High-end, premium fitness application style render. No text, no lines, no labels, no logos. Back view, positioned in a exercise machine at the peak contraction finish phase of encogimientos en máquina, squeezing the target muscles. The trapezius and neck muscles are highlighted in a bright glowing neon red-orange color showing maximum muscle contraction."
"farmer_walk_trapecio","Farmer walk","Trapecio/Cuello","mancuernas","Anatomical 3D model illustration of a highly defined, muscular grey male human figure on a solid pure complete black background. The figure has short cropped hair and is wearing only a tight black athletic boxer shorts. The composition is fully centered, with a wide generous margin on all sides of the figure (top, bottom, left, right) to ensure the character is completely contained inside the frame without touching any edges. High-end, premium fitness application style render. No text, no lines, no labels, no logos. Back view, holding dumbbells in the starting relaxed stretch phase of farmer walk. The trapezius and neck muscles are highlighted in a soft, inactive red-orange color.","Anatomical 3D model illustration of a highly defined, muscular grey male human figure on a solid pure complete black background. The figure has short cropped hair and is wearing only a tight black athletic boxer shorts. The composition is fully centered, with a wide generous margin on all sides of the figure (top, bottom, left, right) to ensure the character is completely contained inside the frame without touching any edges. High-end, premium fitness application style render. No text, no lines, no labels, no logos. Back view, holding dumbbells at the peak contraction finish phase of farmer walk, squeezing the muscles tightly. The trapezius and neck muscles are highlighted in a bright glowing neon red-orange color showing maximum muscle contraction."
"trap_bar_carry","Trap bar carry","Trapecio/Cuello","barra","Anatomical 3D model illustration of a highly defined, muscular grey male human figure on a solid pure complete black background. The figure has short cropped hair and is wearing only a tight black athletic boxer shorts. The composition is fully centered, with a wide generous margin on all sides of the figure (top, bottom, left, right) to ensure the character is completely contained inside the frame without touching any edges. High-end, premium fitness application style render. No text, no lines, no labels, no logos. Back view, holding a barbell in the starting relaxed stretch phase of trap bar carry. The trapezius and neck muscles are highlighted in a soft, inactive red-orange color.","Anatomical 3D model illustration of a highly defined, muscular grey male human figure on a solid pure complete black background. The figure has short cropped hair and is wearing only a tight black athletic boxer shorts. The composition is fully centered, with a wide generous margin on all sides of the figure (top, bottom, left, right) to ensure the character is completely contained inside the frame without touching any edges. High-end, premium fitness application style render. No text, no lines, no labels, no logos. Back view, holding a barbell at the peak contraction finish phase of trap bar carry, squeezing the muscles tightly. The trapezius and neck muscles are highlighted in a bright glowing neon red-orange color showing maximum muscle contraction."
"face_pull_trapecio","Face pull","Trapecio/Cuello","poleas","Anatomical 3D model illustration of a highly defined, muscular grey male human figure on a solid pure complete black background. The figure has short cropped hair and is wearing only a tight black athletic boxer shorts. The composition is fully centered, with a wide generous margin on all sides of the figure (top, bottom, left, right) to ensure the character is completely contained inside the frame without touching any edges. High-end, premium fitness application style render. No text, no lines, no labels, no logos. Back view, holding the cable pulley attachment in the starting relaxed stretch phase of face pull. The trapezius and neck muscles are highlighted in a soft, inactive red-orange color.","Anatomical 3D model illustration of a highly defined, muscular grey male human figure on a solid pure complete black background. The figure has short cropped hair and is wearing only a tight black athletic boxer shorts. The composition is fully centered, with a wide generous margin on all sides of the figure (top, bottom, left, right) to ensure the character is completely contained inside the frame without touching any edges. High-end, premium fitness application style render. No text, no lines, no labels, no logos. Back view, holding the cable pulley attachment at the peak contraction finish phase of face pull, squeezing the muscles tightly. The trapezius and neck muscles are highlighted in a bright glowing neon red-orange color showing maximum muscle contraction."
"reverse_fly","Reverse fly","Trapecio/Cuello","mancuernas","Anatomical 3D model illustration of a highly defined, muscular grey male human figure on a solid pure complete black background. The figure has short cropped hair and is wearing only a tight black athletic boxer shorts. The composition is fully centered, with a wide generous margin on all sides of the figure (top, bottom, left, right) to ensure the character is completely contained inside the frame without touching any edges. High-end, premium fitness application style render. No text, no lines, no labels, no logos. Back view, holding dumbbells in the starting relaxed stretch phase of reverse fly. The trapezius and neck muscles are highlighted in a soft, inactive red-orange color.","Anatomical 3D model illustration of a highly defined, muscular grey male human figure on a solid pure complete black background. The figure has short cropped hair and is wearing only a tight black athletic boxer shorts. The composition is fully centered, with a wide generous margin on all sides of the figure (top, bottom, left, right) to ensure the character is completely contained inside the frame without touching any edges. High-end, premium fitness application style render. No text, no lines, no labels, no logos. Back view, holding dumbbells at the peak contraction finish phase of reverse fly, squeezing the muscles tightly. The trapezius and neck muscles are highlighted in a bright glowing neon red-orange color showing maximum muscle contraction."
"reverse_pec_deck_trapecio","Reverse pec deck","Trapecio/Cuello","maquina","Anatomical 3D model illustration of a highly defined, muscular grey male human figure on a solid pure complete black background. The figure has short cropped hair and is wearing only a tight black athletic boxer shorts. The composition is fully centered, with a wide generous margin on all sides of the figure (top, bottom, left, right) to ensure the character is completely contained inside the frame without touching any edges. High-end, premium fitness application style render. No text, no lines, no labels, no logos. Back view, seated or positioned in a exercise machine, in the starting relaxed stretch phase of reverse pec deck. The trapezius and neck muscles are highlighted in a soft, inactive red-orange color.","Anatomical 3D model illustration of a highly defined, muscular grey male human figure on a solid pure complete black background. The figure has short cropped hair and is wearing only a tight black athletic boxer shorts. The composition is fully centered, with a wide generous margin on all sides of the figure (top, bottom, left, right) to ensure the character is completely contained inside the frame without touching any edges. High-end, premium fitness application style render. No text, no lines, no labels, no logos. Back view, positioned in a exercise machine at the peak contraction finish phase of reverse pec deck, squeezing the target muscles. The trapezius and neck muscles are highlighted in a bright glowing neon red-orange color showing maximum muscle contraction."
"y_raise","Y-raise","Trapecio/Cuello","mancuernas","Anatomical 3D model illustration of a highly defined, muscular grey male human figure on a solid pure complete black background. The figure has short cropped hair and is wearing only a tight black athletic boxer shorts. The composition is fully centered, with a wide generous margin on all sides of the figure (top, bottom, left, right) to ensure the character is completely contained inside the frame without touching any edges. High-end, premium fitness application style render. No text, no lines, no labels, no logos. Back view, holding dumbbells in the starting relaxed stretch phase of y-raise. The trapezius and neck muscles are highlighted in a soft, inactive red-orange color.","Anatomical 3D model illustration of a highly defined, muscular grey male human figure on a solid pure complete black background. The figure has short cropped hair and is wearing only a tight black athletic boxer shorts. The composition is fully centered, with a wide generous margin on all sides of the figure (top, bottom, left, right) to ensure the character is completely contained inside the frame without touching any edges. High-end, premium fitness application style render. No text, no lines, no labels, no logos. Back view, holding dumbbells at the peak contraction finish phase of y-raise, squeezing the muscles tightly. The trapezius and neck muscles are highlighted in a bright glowing neon red-orange color showing maximum muscle contraction."
"wall_slides_trapecio","Wall slides","Trapecio/Cuello","peso_corporal","Anatomical 3D model illustration of a highly defined, muscular grey male human figure on a solid pure complete black background. The figure has short cropped hair and is wearing only a tight black athletic boxer shorts. The composition is fully centered, with a wide generous margin on all sides of the figure (top, bottom, left, right) to ensure the character is completely contained inside the frame without touching any edges. High-end, premium fitness application style render. No text, no lines, no labels, no logos. Back view, in the starting relaxed stretch phase of wall slides. The trapezius and neck muscles are highlighted in a soft, inactive red-orange color.","Anatomical 3D model illustration of a highly defined, muscular grey male human figure on a solid pure complete black background. The figure has short cropped hair and is wearing only a tight black athletic boxer shorts. The composition is fully centered, with a wide generous margin on all sides of the figure (top, bottom, left, right) to ensure the character is completely contained inside the frame without touching any edges. High-end, premium fitness application style render. No text, no lines, no labels, no logos. Back view, at the peak contraction finish phase of wall slides, squeezing the target muscles. The trapezius and neck muscles are highlighted in a bright glowing neon red-orange color showing maximum muscle contraction."
"scapular_pull_ups","Scapular pull-ups","Trapecio/Cuello","peso_corporal","Anatomical 3D model illustration of a highly defined, muscular grey male human figure on a solid pure complete black background. The figure has short cropped hair and is wearing only a tight black athletic boxer shorts. The composition is fully centered, with a wide generous margin on all sides of the figure (top, bottom, left, right) to ensure the character is completely contained inside the frame without touching any edges. High-end, premium fitness application style render. No text, no lines, no labels, no logos. Back view, in the starting relaxed stretch phase of scapular pull-ups. The trapezius and neck muscles are highlighted in a soft, inactive red-orange color.","Anatomical 3D model illustration of a highly defined, muscular grey male human figure on a solid pure complete black background. The figure has short cropped hair and is wearing only a tight black athletic boxer shorts. The composition is fully centered, with a wide generous margin on all sides of the figure (top, bottom, left, right) to ensure the character is completely contained inside the frame without touching any edges. High-end, premium fitness application style render. No text, no lines, no labels, no logos. Back view, at the peak contraction finish phase of scapular pull-ups, squeezing the target muscles. The trapezius and neck muscles are highlighted in a bright glowing neon red-orange color showing maximum muscle contraction."
"depresion_escapular_polea","Depresión escapular en polea","Trapecio/Cuello","poleas","Anatomical 3D model illustration of a highly defined, muscular grey male human figure on a solid pure complete black background. The figure has short cropped hair and is wearing only a tight black athletic boxer shorts. The composition is fully centered, with a wide generous margin on all sides of the figure (top, bottom, left, right) to ensure the character is completely contained inside the frame without touching any edges. High-end, premium fitness application style render. No text, no lines, no labels, no logos. Back view, holding the cable pulley attachment in the starting relaxed stretch phase of depresión escapular en polea. The trapezius and neck muscles are highlighted in a soft, inactive red-orange color.","Anatomical 3D model illustration of a highly defined, muscular grey male human figure on a solid pure complete black background. The figure has short cropped hair and is wearing only a tight black athletic boxer shorts. The composition is fully centered, with a wide generous margin on all sides of the figure (top, bottom, left, right) to ensure the character is completely contained inside the frame without touching any edges. High-end, premium fitness application style render. No text, no lines, no labels, no logos. Back view, holding the cable pulley attachment at the peak contraction finish phase of depresión escapular en polea, squeezing the muscles tightly. The trapezius and neck muscles are highlighted in a bright glowing neon red-orange color showing maximum muscle contraction."
"chin_tucks","Chin tucks","Trapecio/Cuello","peso_corporal","Anatomical 3D model illustration of a highly defined, muscular grey male human figure on a solid pure complete black background. The figure has short cropped hair and is wearing only a tight black athletic boxer shorts. The composition is fully centered, with a wide generous margin on all sides of the figure (top, bottom, left, right) to ensure the character is completely contained inside the frame without touching any edges. High-end, premium fitness application style render. No text, no lines, no labels, no logos. Back view, in the starting relaxed stretch phase of chin tucks. The trapezius and neck muscles are highlighted in a soft, inactive red-orange color.","Anatomical 3D model illustration of a highly defined, muscular grey male human figure on a solid pure complete black background. The figure has short cropped hair and is wearing only a tight black athletic boxer shorts. The composition is fully centered, with a wide generous margin on all sides of the figure (top, bottom, left, right) to ensure the character is completely contained inside the frame without touching any edges. High-end, premium fitness application style render. No text, no lines, no labels, no logos. Back view, at the peak contraction finish phase of chin tucks, squeezing the target muscles. The trapezius and neck muscles are highlighted in a bright glowing neon red-orange color showing maximum muscle contraction."
"flexion_cervical_isometrica","Flexión cervical isométrica","Trapecio/Cuello","peso_corporal","Anatomical 3D model illustration of a highly defined, muscular grey male human figure on a solid pure complete black background. The figure has short cropped hair and is wearing only a tight black athletic boxer shorts. The composition is fully centered, with a wide generous margin on all sides of the figure (top, bottom, left, right) to ensure the character is completely contained inside the frame without touching any edges. High-end, premium fitness application style render. No text, no lines, no labels, no logos. Back view, in the starting relaxed stretch phase of flexión cervical isométrica. The trapezius and neck muscles are highlighted in a soft, inactive red-orange color.","Anatomical 3D model illustration of a highly defined, muscular grey male human figure on a solid pure complete black background. The figure has short cropped hair and is wearing only a tight black athletic boxer shorts. The composition is fully centered, with a wide generous margin on all sides of the figure (top, bottom, left, right) to ensure the character is completely contained inside the frame without touching any edges. High-end, premium fitness application style render. No text, no lines, no labels, no logos. Back view, at the peak contraction finish phase of flexión cervical isométrica, squeezing the target muscles. The trapezius and neck muscles are highlighted in a bright glowing neon red-orange color showing maximum muscle contraction."
"extension_cervical_isometrica","Extensión cervical isométrica","Trapecio/Cuello","peso_corporal","Anatomical 3D model illustration of a highly defined, muscular grey male human figure on a solid pure complete black background. The figure has short cropped hair and is wearing only a tight black athletic boxer shorts. The composition is fully centered, with a wide generous margin on all sides of the figure (top, bottom, left, right) to ensure the character is completely contained inside the frame without touching any edges. High-end, premium fitness application style render. No text, no lines, no labels, no logos. Back view, in the starting relaxed stretch phase of extensión cervical isométrica. The trapezius and neck muscles are highlighted in a soft, inactive red-orange color.","Anatomical 3D model illustration of a highly defined, muscular grey male human figure on a solid pure complete black background. The figure has short cropped hair and is wearing only a tight black athletic boxer shorts. The composition is fully centered, with a wide generous margin on all sides of the figure (top, bottom, left, right) to ensure the character is completely contained inside the frame without touching any edges. High-end, premium fitness application style render. No text, no lines, no labels, no logos. Back view, at the peak contraction finish phase of extensión cervical isométrica, squeezing the target muscles. The trapezius and neck muscles are highlighted in a bright glowing neon red-orange color showing maximum muscle contraction."
"inclinacion_lateral_isometrica","Inclinación lateral isométrica","Trapecio/Cuello","peso_corporal","Anatomical 3D model illustration of a highly defined, muscular grey male human figure on a solid pure complete black background. The figure has short cropped hair and is wearing only a tight black athletic boxer shorts. The composition is fully centered, with a wide generous margin on all sides of the figure (top, bottom, left, right) to ensure the character is completely contained inside the frame without touching any edges. High-end, premium fitness application style render. No text, no lines, no labels, no logos. Back view, in the starting relaxed stretch phase of inclinación lateral isométrica. The trapezius and neck muscles are highlighted in a soft, inactive red-orange color.","Anatomical 3D model illustration of a highly defined, muscular grey male human figure on a solid pure complete black background. The figure has short cropped hair and is wearing only a tight black athletic boxer shorts. The composition is fully centered, with a wide generous margin on all sides of the figure (top, bottom, left, right) to ensure the character is completely contained inside the frame without touching any edges. High-end, premium fitness application style render. No text, no lines, no labels, no logos. Back view, at the peak contraction finish phase of inclinación lateral isométrica, squeezing the target muscles. The trapezius and neck muscles are highlighted in a bright glowing neon red-orange color showing maximum muscle contraction."
"movilidad_cervical_suave","Movilidad cervical suave","Trapecio/Cuello","peso_corporal","Anatomical 3D model illustration of a highly defined, muscular grey male human figure on a solid pure complete black background. The figure has short cropped hair and is wearing only a tight black athletic boxer shorts. The composition is fully centered, with a wide generous margin on all sides of the figure (top, bottom, left, right) to ensure the character is completely contained inside the frame without touching any edges. High-end, premium fitness application style render. No text, no lines, no labels, no logos. Back view, in the starting relaxed stretch phase of movilidad cervical suave. The trapezius and neck muscles are highlighted in a soft, inactive red-orange color.","Anatomical 3D model illustration of a highly defined, muscular grey male human figure on a solid pure complete black background. The figure has short cropped hair and is wearing only a tight black athletic boxer shorts. The composition is fully centered, with a wide generous margin on all sides of the figure (top, bottom, left, right) to ensure the character is completely contained inside the frame without touching any edges. High-end, premium fitness application style render. No text, no lines, no labels, no logos. Back view, at the peak contraction finish phase of movilidad cervical suave, squeezing the target muscles. The trapezius and neck muscles are highlighted in a bright glowing neon red-orange color showing maximum muscle contraction."
